id,domain,status,purchase_price,renewal_price,attractiveness,demand,length,registrar,created_at,expires_at,status_verified_at
8a8d91cf-4100-479e-8f07-f170695be943,troubling.beauty,available,1.8,19.98,medium,low,9,namecheap,,,14/08/2026 13:19
ccf9b402-2b24-471a-aaf1-5e87d30bb641,franciscan.beauty,available,1.8,19.98,high,low,10,namecheap,,,18/08/2026 14:06
229c94c0-f920-4eb6-aec7-fe01e62f359b,shi.beauty,premium,672.95,672.95,high,low,3,spaceship,,,30/09/2026 11:58
6239c65f-5539-499b-8fec-00e96587d6b2,shrewdly.beauty,available,1.8,21.98,medium,low,8,namecheap,,,13/09/2026 22:22
b59771bb-b0e8-4026-9fe6-3f4f1ee9f3e2,melee.beauty,available,1.99,17.29,high,low,5,namesilo,,,22/09/2026 16:23
400a174f-01af-4551-a7a7-2c856fc1b5ae,larkin.beauty,available,1.99,17.29,high,low,6,namesilo,,,27/09/2026 23:26
23b4322c-afe2-4941-9c54-bb70647fa3cb,karl.beauty,premium,2660,2660,high,low,4,namesilo,,,25/09/2026 13:41
e828d848-121b-43b7-8892-e148ef5ceb48,mackey.beauty,available,1.24,13.97,medium,low,6,spaceship,,,29/09/2026 04:38
6b5eb256-944b-4164-9a33-0014adaefdf6,reference.beauty,available,1.54,14.21,high,low,9,porkbun,,,28/09/2026 18:25
ffb9a92c-ad9d-459b-a894-27ee1417250b,aquaphobia.beauty,available,1.99,17.29,medium,low,10,namesilo,,,19/09/2026 22:59
d4b0596b-7474-4beb-bf8a-efc2709a1cc2,stumble.beauty,available,1.99,17.29,high,low,7,namesilo,,,30/09/2026 10:30
ac94d8f0-1359-430d-85bc-418c1324ed29,salmagundi.beauty,available,1.8,19.98,medium,low,10,namecheap,,,25/08/2026 08:22
64e50fdf-c947-4c94-886b-c98d112d33b7,accentor.beauty,available,1.8,21.98,medium,low,8,namecheap,,,16/09/2026 21:58
4b12005e-2794-439f-ba08-7cb5766fbc7c,carefree.beauty,available,1.8,19.98,high,medium,8,namecheap,,,11/08/2026 19:01
285bd57c-8e2a-4ce1-b966-0dc564a41418,hopeless.beauty,available,1.8,19.98,medium,low,8,namecheap,,,21/08/2026 13:54
9885c08a-2015-4202-aef6-280c519bd2eb,ante.beauty,available,1.8,21.98,medium,low,4,namecheap,,,19/09/2026 12:39
637c293b-3e87-4cd0-8a1c-0e6cd9d3e92a,org.beauty,premium,2660,2660,high,medium,3,namesilo,,,01/10/2026 03:55
b80bd24e-6c05-40cd-bf4f-1ed81e328c9c,jacobite.beauty,available,1.99,17.29,medium,low,8,namesilo,,,29/09/2026 01:23
61d44738-9279-47e7-8508-3cd8f32a9a0b,hitler.beauty,available,1.99,17.29,high,low,6,namesilo,,,17/09/2026 09:31
8009e31f-3395-477e-ba76-7e4105bd4557,blazonry.beauty,available,1.8,21.98,medium,low,8,namecheap,,,24/09/2026 05:06
6401a780-0c70-43a9-b0eb-8d6d7f4c8a5c,sam.beauty,available,1.99,17.29,high,medium,3,namesilo,,,30/09/2026 10:32
61be7677-288c-4220-bc2c-6857fae644fc,advocate.beauty,available,1.24,13.97,high,low,8,spaceship,,,28/09/2026 19:06
48eed06a-ca11-4ea6-bc5d-d9145e9304b9,moistly.beauty,available,1.8,21.98,low,low,7,namecheap,,,14/09/2026 10:31
cdd31a30-c023-406c-853f-3c8dbf507732,muckle.beauty,available,1.8,19.98,medium,low,6,namecheap,,,25/08/2026 00:34
5b219db4-6221-4956-ba9a-775d3428db6e,bloomington.beauty,available,1.99,17.29,medium,low,11,namesilo,,,27/09/2026 08:15
7ed8331d-2a46-4145-b86b-25e6d0cffd5d,impressions.beauty,resell,,,medium,low,11,,,,28/09/2026 23:21
13f38fd2-9c5a-4c12-9401-78245937f6f8,bedlam.beauty,available,1.99,17.29,medium,low,6,namesilo,,,22/09/2026 23:22
cbb8ebb0-06d8-4683-925a-7b8989eab410,newfangled.beauty,available,1.8,21.98,high,low,10,namecheap,,,03/09/2026 16:46
78cc6e5d-5cf3-43d7-ab52-a8da46df28f2,quivering.beauty,available,1.8,21.98,medium,low,9,namecheap,,,11/09/2026 19:15
a6a9ad85-dacf-4779-9636-eae135a8d6c4,unmerciful.beauty,available,1.8,19.98,medium,low,10,namecheap,,,24/08/2026 20:38
b05ed3ba-ff9c-456c-8e6a-4b7a942c2e37,embassador.beauty,available,1.99,17.29,high,low,10,namesilo,,,18/09/2026 16:29
65f62c17-f974-4244-b76a-63f64e11cffe,cod.beauty,available,1.8,21.98,high,low,3,namecheap,,,23/09/2026 14:56
7182a8e6-c5e6-421d-bf7e-d2ab980fbb1d,ardmore.beauty,available,1.24,13.97,medium,low,7,spaceship,,,01/10/2026 12:29
ddf65c97-0e14-4651-a168-ca73c8cfab45,unwilling.beauty,available,1.8,21.98,medium,low,9,namecheap,,,12/09/2026 22:40
83c5f99b-8697-4ce9-a232-2ea41f29965f,practitioners.beauty,available,1.99,17.29,medium,low,13,namesilo,,,20/09/2026 23:01
c8f19cc7-dc26-4b9f-b1b0-f154aa95410c,idly.beauty,available,1.8,21.98,high,low,4,namecheap,,,15/09/2026 01:38
7d980f51-83eb-49ea-ba95-8229b5906414,gruesome.beauty,available,1.8,19.98,medium,low,8,namecheap,,,18/08/2026 23:17
4938c916-cc50-46dc-bed1-52a568c508f6,damning.beauty,available,1.99,20.99,medium,low,7,name.com,,,13/08/2026 16:33
d9c79912-b75e-4a37-bc75-4d66e21673c5,meeter.beauty,available,1.99,17.29,medium,low,6,namesilo,,,21/09/2026 01:27
44f6099e-436d-4f58-8dab-d531d39adcfb,frunze.beauty,available,1.99,17.29,medium,low,6,namesilo,,,23/09/2026 21:44
e6ff7fc1-d602-4d94-a14d-7a6f5dacffb9,intricate.beauty,available,1.99,17.29,high,low,9,namesilo,,,25/09/2026 10:49
d48be74d-9ffc-4872-9d21-34ff04e7777d,frilly.beauty,available,1.8,19.98,medium,low,6,namecheap,,,18/08/2026 15:51
8f909537-8f26-4cf6-8a87-cf018af30b77,mainstream.beauty,available,1.99,14.45,high,low,10,dynadot,,,29/09/2026 01:38
d0949161-877e-4eeb-8a5a-87be43d47132,barometer.beauty,available,1.99,17.29,high,low,9,namesilo,,,22/09/2026 07:00
22696a67-f161-4cf2-bc53-a1d0c45afee8,jfk.beauty,available,1.24,13.97,high,low,3,spaceship,,,29/09/2026 13:11
27015c96-b1ac-4c64-9124-70328c93f06d,stunner.beauty,available,1.8,19.98,high,low,7,namecheap,,,22/08/2026 16:40
e5f572a1-8602-46a5-9cd3-2baf25bd7dd0,ungentle.beauty,available,1.8,21.98,medium,low,8,namecheap,,,12/09/2026 11:11
14629920-802c-4149-90da-23a818dd156e,pasang.beauty,available,1.99,17.29,medium,low,6,namesilo,,,23/09/2026 12:24
683dcc84-55b1-4f20-aa74-35c83e2c76e1,nonpolar.beauty,available,1.8,21.98,medium,low,8,namecheap,,,03/09/2026 20:17
3a380909-becb-4f5c-b6b2-8ba6d1dadabf,verbosely.beauty,available,1.8,21.98,medium,low,9,namecheap,,,15/09/2026 12:43
f84ea901-7548-4893-b0af-e7f5d6f73ecd,chomsky.beauty,available,1.99,17.29,medium,low,7,namesilo,,,16/09/2026 12:59
8d55e58c-f472-42ab-a9da-c8208302cccb,winifred.beauty,available,1.99,17.29,medium,low,8,namesilo,,,28/09/2026 21:52
34400a2d-21dd-4ef8-91c3-ba590055a3d0,starkest.beauty,available,1.99,17.29,low,low,8,namesilo,,,20/09/2026 22:48
28a7fad5-8a23-4e77-8518-96cdb7f99b86,addicts.beauty,available,1.24,13.97,medium,low,7,spaceship,,,01/10/2026 00:46
8a1bdb92-b181-4234-9e9e-d1fa4af77092,pluck.beauty,available,1.24,13.97,high,low,5,spaceship,,,01/10/2026 19:35
80c0eba8-7160-4765-a1d3-1a21c4f38b89,lateen.beauty,available,1.8,19.98,medium,low,6,namecheap,,,22/08/2026 20:29
9fce9676-cc7f-4d10-93c3-87eb454e5a22,ablative.beauty,available,1.65,15.75,medium,low,8,namesilo,,,
b63a6fdf-368b-49e3-a3a2-3d694942a8ae,backing.beauty,available,1.99,17.29,high,low,7,namesilo,,,21/09/2026 15:39
a5958b0f-8cfd-4cec-84cc-13b20f7b0334,templeton.beauty,premium,2070.2,2070.2,medium,low,9,spaceship,,,28/09/2026 22:24
87820616-e12c-439c-8ee0-a46818495bf4,coastwise.beauty,available,1.8,19.98,medium,low,9,namecheap,,,12/08/2026 14:12
8bff5b3e-167f-4006-b20c-0712806de729,recovered.beauty,available,1.8,19.98,high,low,9,namecheap,,,13/08/2026 11:06
79f6dd02-30ea-4a2e-ac8a-2a43cb399d0b,finis.beauty,available,1.8,19.98,high,low,5,namecheap,,,12/08/2026 12:06
8436a3a8-38e6-499a-8a79-219e4e61f8e1,pomerania.beauty,available,1.24,13.97,medium,low,9,spaceship,,,29/09/2026 09:31
bc393bc7-5c22-4d1c-8a46-3a4de2b07b6d,tide.beauty,resell,,,high,low,4,Dynadot Inc,23/08/2026 12:12,23/08/2027 23:59,30/09/2026 03:36
9439aa06-6c8c-4c4f-9476-0b3f3c021168,bacterium.beauty,available,1.99,17.29,medium,low,9,namesilo,,,21/09/2026 16:30
52c304d6-808e-4053-8cc6-2d32bff9061b,blades.beauty,available,1.99,,high,low,6,name.com,,,
b381d98b-f9f6-4e0a-9fbe-8b1cafaafe42,chan.beauty,premium,832,832,high,low,4,namesilo,,,25/09/2026 11:12
5bc16d1c-f6f3-43ee-a39b-1a3de89c1418,spaces.beauty,resell,,,medium,low,6,Dynadot Inc,22/06/2026 00:12,22/06/2027 23:59,28/09/2026 17:55
de822e60-ce4c-40ee-a0a5-fa0efc438d17,exhaustive.beauty,available,1.8,19.98,medium,low,10,namecheap,,,17/08/2026 17:08
9b013dc9-c4d7-4262-901c-e900048762fc,insofar.beauty,available,1.8,21.98,medium,low,7,namecheap,,,15/09/2026 06:43
20b71a89-69ee-4eb6-8e25-1cec0b2346df,ost.beauty,available,1.99,17.29,high,low,3,namesilo,,,29/09/2026 03:13
32ebd892-1de2-4c3d-8866-434097a530c8,antemortem.beauty,available,1.8,19.98,medium,low,10,namecheap,,,
7eb27467-8163-482d-8034-a1c25af1b70d,statements.beauty,available,1.24,13.97,medium,low,10,spaceship,,,28/09/2026 08:23
a2ae245f-430a-4e17-b781-9f36ac40a488,overhead.beauty,available,1.99,17.29,high,low,8,namesilo,,,26/09/2026 03:30
c5b3ed74-e42a-4d94-8a32-8da3c3e71456,sounding.beauty,available,1.99,17.29,high,low,8,namesilo,,,25/09/2026 14:20
dc9983a9-2037-4447-838a-d45f556d3a4f,charities.beauty,available,1.99,17.29,medium,low,9,namesilo,,,30/09/2026 06:10
6a51f07f-8e56-4d60-8d23-47782a4ef797,sse.beauty,available,1.99,17.29,high,low,3,namesilo,,,16/09/2026 05:18
9249ed12-b54a-46fa-968a-672415d7542b,deprived.beauty,available,1.8,19.98,medium,low,8,namecheap,,,14/08/2026 02:45
ce26258e-9ec6-4313-a65c-908583dd45c7,vegetation.beauty,available,1.24,13.97,high,low,10,spaceship,,,29/09/2026 11:45
29c0816b-9ce1-4174-b941-d73c887db652,firstly.beauty,available,1.99,17.29,medium,low,7,namesilo,,,24/09/2026 18:41
dcb04c34-68df-448c-b5e3-1817f9b76867,undecided.beauty,available,1.8,21.98,high,low,9,namecheap,,,04/09/2026 14:20
34b5aad0-a554-4776-a0bc-027caf6e8772,creating.beauty,resell,,,high,low,8,"Spaceship, Inc.",02/03/2021 14:39,02/03/2027 23:59,01/10/2026 19:45
8027b251-206c-4f99-8006-9600c0c11e84,accounted.beauty,available,1.65,15.75,medium,low,9,namesilo,,,
12d95524-5140-4905-8b54-9020f7480abc,sasquatch.beauty,available,1.99,17.29,high,low,9,namesilo,,,23/09/2026 15:07
16c1c2ee-680a-486d-b7af-72e1806fe12d,crashing.beauty,available,1.99,17.29,medium,low,8,namesilo,,,28/09/2026 11:33
12f442a5-d4f7-4e4c-a3be-0a3c4e7db488,vertebral.beauty,available,1.8,21.98,medium,low,9,namecheap,,,13/09/2026 04:33
8a0ad3dc-1a30-4b2e-b6d5-ef25b652e399,sizeable.beauty,available,1.8,19.98,high,low,8,namecheap,,,20/08/2026 16:40
350cbf4f-1b82-4231-b511-480265202983,confined.beauty,available,1.8,19.98,medium,low,8,namecheap,,,11/08/2026 18:20
bde49bba-4180-4370-962e-1a521c5611e8,rudolph.beauty,available,1.99,17.29,high,low,7,namesilo,,,25/09/2026 14:11
1baa751e-58fb-4f35-89d6-17520161f219,them.beauty,available,1.24,13.97,high,low,4,spaceship,,,30/09/2026 22:25
8c5668b2-a391-488e-90bd-5b285b9206ee,privates.beauty,available,1.54,14.21,medium,low,8,porkbun,,,02/10/2026 05:02
a028d655-f7d5-4928-89f0-b29f41bd0dda,longish.beauty,available,1.8,19.98,medium,low,7,namecheap,,,24/08/2026 09:40
0375b19e-a7d0-49b0-97cf-f9d288a975ad,properties.beauty,available,1.65,15.75,medium,low,10,namesilo,,,
caf2e14c-cec6-4321-9660-a472e691f840,lecturing.beauty,available,1.99,17.29,high,low,9,namesilo,,,01/10/2026 02:51
ffcf4d89-f119-4228-95cf-3cf91414ca29,azimuth.beauty,available,1.8,21.98,high,low,7,namecheap,,,21/09/2026 10:54
7fb3a395-ac4e-4682-a765-e666f517d2a5,pun.beauty,available,1.99,17.29,high,low,3,namesilo,,,30/09/2026 02:27
652a0d1f-8f4e-4029-b7a8-4d8b7465ff13,khat.beauty,available,1.99,17.29,medium,low,4,namesilo,,,17/09/2026 15:23
4cbaf247-bab6-4e2c-ab8b-6c8630d496e9,anisotropy.beauty,available,1.99,17.29,medium,low,10,namesilo,,,19/09/2026 09:38
b11a5f03-7a1c-4aa2-9a79-ee14827c89a8,betelgeuse.beauty,available,1.99,17.29,medium,low,10,namesilo,,,18/09/2026 13:39
281c483e-4440-4195-bd34-57a888a924d3,divorcing.beauty,available,1.99,17.29,low,low,9,namesilo,,,17/09/2026 22:37
10899445-1f5f-4bb5-b828-00a776d9bdc7,vendor.beauty,premium,2660,2660,high,low,6,namesilo,,,02/10/2026 05:34
1dc16588-bcbb-4ef6-953c-2fb89d78ab24,physic.beauty,available,1.8,21.98,high,low,6,namecheap,,,28/09/2026 07:44
5b4e1f4a-eb21-46ec-a4c5-061e6a05720c,viviparous.beauty,available,1.8,19.98,medium,low,10,namecheap,,,24/08/2026 07:53
d2636dfa-fcc4-40c1-ad8c-c4fbee289e07,balmoral.beauty,available,1.99,17.29,high,low,8,namesilo,,,21/09/2026 23:39
012890ab-2d1f-4b51-9a12-b94b1ebead3a,bathymetry.beauty,available,1.99,17.29,medium,low,10,namesilo,,,22/09/2026 13:55
cda4acb9-22c6-45fc-8065-e27ef8fbaa48,palladian.beauty,available,1.8,21.98,high,low,9,namecheap,,,04/09/2026 23:44
28c84daa-ac4f-43a8-8c42-4b6cf38bc3ab,absorbing.beauty,available,1.99,17.29,high,low,9,namesilo,,,21/09/2026 15:02
fe11db41-192d-4829-834d-4e83cb36a9ef,chicano.beauty,available,1.99,14.45,high,low,7,dynadot,,,02/10/2026 04:20
8040be65-2ca8-4b81-bef6-694dd563c16d,discus.beauty,available,1.99,17.29,high,low,6,namesilo,,,24/09/2026 22:35
a40996fe-6878-459f-8d7b-8651ec24c442,empowered.beauty,available,1.8,19.98,high,low,9,namecheap,,,16/08/2026 18:26
d5e88a42-0141-4206-98eb-1d39dbc8cdaa,awesome.beauty,resell,,,high,medium,7,"Spaceship, Inc.",20/05/2026 20:40,20/05/2027 23:59,26/09/2026 04:11
f3b75115-6175-4fa7-b2f6-aa7448555e33,swimmer.beauty,available,1.8,21.98,high,low,7,namecheap,,,22/09/2026 13:29
7bc6d1a0-bbb2-43f5-a022-02e6d3601a5b,weighing.beauty,available,1.8,21.98,high,low,8,namecheap,,,17/09/2026 11:27
68a9ec2e-09dd-418b-ada7-8bcc58a73f25,lausanne.beauty,available,1.99,17.29,high,low,8,namesilo,,,27/09/2026 14:41
72f1fceb-77a5-48cc-8d2e-0ff6e3b391ea,satiable.beauty,available,1.8,21.98,medium,low,8,namecheap,,,09/09/2026 21:37
d5d48eca-4c39-478a-9303-f94c705c1556,scythian.beauty,available,1.8,21.98,medium,low,8,namecheap,,,10/09/2026 00:28
bcddc714-49bb-4646-a64c-c471ef80aae5,renegade.beauty,available,1.8,19.98,high,low,8,namecheap,,,06/08/2026 03:45
733f9334-d8cf-4643-8981-89b108cee7ca,sympathy.beauty,available,1.8,21.98,high,low,8,namecheap,,,29/09/2026 19:11
f3e5d032-0644-42c9-a88f-741ba3c58a65,ardea.beauty,available,1.99,17.29,medium,low,5,namesilo,,,20/09/2026 03:04
ef01aa1e-9a84-41a3-a5fc-3e8a79f2c2f5,neodymium.beauty,available,1.99,17.29,medium,low,9,namesilo,,,20/09/2026 23:22
ed62420a-b05a-4d46-b9fe-7175dcf3e53d,spaced.beauty,available,1.8,21.98,high,medium,6,namecheap,,,10/09/2026 15:03
c8ce4556-76aa-427b-93be-babdb80a8c67,pig.beauty,premium,672.95,672.95,high,low,3,spaceship,,,29/09/2026 11:33
fe4d2c5a-2bee-4bae-9487-3b08f3dcb9a1,sensual.beauty,resell,,,high,low,7,"Spaceship, Inc.",06/08/2026 20:37,06/08/2027 23:59,26/09/2026 08:55
fd54e01a-66c2-4055-a478-3e01e220182b,anima.beauty,resell,,,high,medium,5,"Spaceship, Inc.",15/05/2026 12:22,15/05/2027 23:59,26/09/2026 03:53
8f73e46b-a629-4988-be45-e6725d445c17,graduation.beauty,available,1.99,17.29,high,low,10,namesilo,,,24/09/2026 16:27
dd8f06ed-8c53-4609-94a0-36c459ca9553,foote.beauty,available,1.99,17.29,medium,low,5,namesilo,,,28/09/2026 08:03
356b3ea2-0302-4920-bd3a-f339cb9dc523,arctiid.beauty,available,1.8,21.98,medium,low,7,namecheap,,,20/09/2026 02:47
0e2b161d-22e0-4c2c-bb40-2f7b7718d76a,curled.beauty,available,1.8,19.98,medium,low,6,namecheap,,,13/08/2026 11:19
b6c8d361-84b4-4771-a970-7e1b6c4433f6,betatron.beauty,available,1.8,21.98,medium,low,8,namecheap,,,23/09/2026 11:04
8758d106-3946-4da6-8b89-a512be2e3dbe,embryo.beauty,available,1.99,17.29,high,low,6,namesilo,,,30/09/2026 16:45
632d8e26-fd62-4bf1-8952-70ad7f43290b,blanks.beauty,available,1.99,17.29,low,low,6,namesilo,,,01/10/2026 00:46
fa0b942e-8185-438d-b15a-64263eea373a,unforgettable.beauty,available,1.24,13.97,high,low,13,spaceship,,,01/10/2026 05:39
4ebd03ef-0e1a-4a4b-b084-42bbcb341305,onions.beauty,available,1.65,15.75,high,low,6,namesilo,,,
44c5a638-ead8-4113-9a0c-2cdea4eb13c8,acrylamide.beauty,available,1.8,21.98,medium,low,10,namecheap,,,17/09/2026 04:00
a13a7da0-3f4c-464d-9a21-a25f4134f450,scholarly.beauty,available,1.8,21.98,high,low,9,namecheap,,,09/09/2026 23:11
fbd44342-605a-453e-a57b-16bd95730858,bloodline.beauty,available,1.8,21.98,high,low,9,namecheap,,,08/09/2026 13:11
5068767f-f61b-4cf4-ac4d-c12c894bfa98,incarnation.beauty,available,1.24,13.97,medium,low,11,spaceship,,,01/10/2026 10:17
3e0bae14-bd4f-4d28-8384-f40b1d48e367,barbarians.beauty,available,1.24,13.97,medium,low,10,spaceship,,,01/10/2026 00:21
46af4099-c15c-4725-b346-5e754554407a,deliver.beauty,resell,,,high,low,7,,,,29/09/2026 02:52
d55af51a-9fba-4a61-8e4c-b7a8724b8fbe,blackmail.beauty,available,1.99,17.29,high,low,9,namesilo,,,24/09/2026 02:52
ed4e13cf-6ce8-4c1f-955e-5ffbdef64726,andes.beauty,available,1.99,20.99,high,low,5,name.com,,,19/09/2026 04:04
39aba301-12db-4a00-a835-d25a8bcb1e14,footprint.beauty,available,1.99,17.29,high,low,9,namesilo,,,29/09/2026 12:23
c9157b2c-9147-47b9-a656-e13283d64b02,cumulate.beauty,available,1.8,19.98,high,low,8,namecheap,,,12/08/2026 21:52
57ec73c9-c2b4-4d1f-829b-3f40066a4e48,lyman.beauty,available,1.99,17.29,medium,low,5,namesilo,,,27/09/2026 08:10
0df5cb8e-a515-46d6-bfc8-2602afa79d64,gop.beauty,available,1.99,17.29,high,low,3,namesilo,,,28/09/2026 09:54
5e0c2a06-fedc-4cb3-9e4d-a453a5c8aa36,toughened.beauty,available,1.8,21.98,medium,low,9,namecheap,,,11/09/2026 10:54
197aeda7-15fe-45d5-bb92-dbe43a917e87,aceh.beauty,available,1.8,21.98,medium,low,4,namecheap,,,01/10/2026 08:41
dac0b747-0117-4349-b704-a843898dbc42,just.beauty,resell,,,high,medium,4,"NameCheap, Inc.",26/07/2026 21:57,26/07/2027 23:59,26/09/2026 07:03
9e7517f5-1786-4973-bb4a-f9d9359ff2a6,bulls.beauty,premium,2660,2660,high,low,5,namesilo,,,28/09/2026 07:33
7e4dd06d-2fda-45c1-b0b5-2c16fa1c8ca2,emc.beauty,available,1.99,17.29,high,low,3,namesilo,,,01/10/2026 16:30
c088d676-ffba-4b06-987e-bb26b5d3445f,wilkie.beauty,available,1.24,13.97,medium,low,6,spaceship,,,30/09/2026 14:48
8a133e95-70ce-4a5d-8df5-5eb4c4f68173,lords.beauty,available,1.99,17.29,medium,low,5,namesilo,,,28/09/2026 16:19
9752492f-5871-46c0-8de7-6300b042ffb6,documenting.beauty,available,1.24,13.97,medium,low,11,spaceship,,,02/10/2026 03:07
05c9df08-ad29-450a-ac01-d8d0cf88b283,gerd.beauty,available,1.99,17.29,high,low,4,namesilo,,,30/09/2026 13:04
43851ebc-f9a9-44c2-aac0-ff6f4bd8e0e9,contempt.beauty,available,1.99,17.29,medium,low,8,namesilo,,,29/09/2026 11:21
58dd1021-364c-4036-b466-3f8449026459,wehrmacht.beauty,available,1.24,13.97,medium,low,9,spaceship,,,28/09/2026 16:22
e69cb306-828f-4d33-951f-f2fc247cb097,venushair.beauty,available,1.99,17.29,medium,low,9,namesilo,,,17/09/2026 08:07
b5abdd79-82d8-4ea3-9ef8-d58e4eb55459,allotropic.beauty,available,1.65,15.75,medium,low,10,namesilo,,,
4d3bb20a-5551-4303-8dbc-0350dbdcb139,atavism.beauty,available,1.8,21.98,medium,low,7,namecheap,,,20/09/2026 19:45
37d700b7-fb40-473f-b270-7a85e3b5f662,alkyl.beauty,available,1.99,17.29,medium,low,5,namesilo,,,18/09/2026 08:34
d62f76c3-2f53-4cc7-af05-dfc132cc32ec,inconclusive.beauty,available,1.99,17.29,medium,low,12,namesilo,,,30/09/2026 04:07
00688b3e-eef2-4330-8212-599dbf0f5cad,cages.beauty,available,1.99,17.29,medium,low,5,namesilo,,,30/09/2026 07:45
59cdb3ad-3301-4731-8441-fbeed348ea22,raiser.beauty,available,1.99,20.99,medium,low,6,name.com,,,17/09/2026 19:22
b08fc769-cc4c-4b88-b4f4-1ba596e80326,maniac.beauty,available,1.8,19.98,high,low,6,namecheap,,,24/08/2026 11:21
722ea370-e099-4885-b854-41d763eb5f1d,cpi.beauty,available,1.99,17.29,high,low,3,namesilo,,,25/09/2026 22:02
675722d6-9a09-478d-9176-07ead1daaffc,impressed.beauty,available,1.24,13.97,high,low,9,spaceship,,,01/10/2026 17:56
868c3110-9eb1-4a4c-9487-2671b357a49c,asphodel.beauty,available,1.99,17.29,medium,low,8,namesilo,,,20/09/2026 15:08
425690df-bfee-4ae6-a7d7-d45407e91a98,wordsworth.beauty,available,1.54,14.21,medium,low,10,porkbun,,,28/09/2026 15:34
0fd02b95-9f07-48e4-92c2-484daac1cc20,aladdin.beauty,premium,2183.84,2183.84,high,medium,7,porkbun,,,28/09/2026 20:01
28317317-3ff5-496a-9bea-fb69dad05243,chl.beauty,available,1.99,17.29,high,low,3,namesilo,,,30/09/2026 04:21
a610016d-1a2c-4a84-8b56-cc9499978da9,michaels.beauty,available,1.24,13.97,high,high,8,spaceship,,,27/09/2026 22:11
ebdcae83-e6c8-4249-997a-71c02704fe53,philosophers.beauty,available,1.24,13.97,medium,low,12,spaceship,,,30/09/2026 14:37
3b65fd49-ac52-4f37-9413-58d01b21d42d,adad.beauty,available,1.99,17.29,medium,low,4,namesilo,,,17/09/2026 06:02
99596727-bf08-4263-adcf-08341076bc20,pushful.beauty,available,1.8,21.98,high,medium,7,namecheap,,,09/09/2026 06:36
ede4f75b-e2ce-4e77-ac1c-cd16584c2fcf,buffer.beauty,available,1.99,17.29,high,low,6,namesilo,,,29/09/2026 05:06
bdfa164f-9eaa-4e19-809f-96bf73f9fa65,wellington.beauty,available,1.99,17.29,high,low,10,namesilo,,,20/09/2026 11:08
3bafaa60-c0af-41db-aad6-5917f0229671,occupations.beauty,available,1.99,17.29,medium,low,11,namesilo,,,16/09/2026 10:00
6cabf462-adaf-4098-8791-68d3a4bc7351,islamabad.beauty,available,1.99,17.29,medium,low,9,namesilo,,,29/09/2026 06:15
e3cdfbb7-e4c6-4418-ae8e-83656ada77ac,neurons.beauty,available,1.99,17.29,medium,low,7,namesilo,,,30/09/2026 06:54
3901189d-f28f-45ab-8d2b-3436e4815720,bayer.beauty,premium,2660,2660,high,medium,5,namesilo,,,28/09/2026 17:45
333a028d-1b64-49e5-b2dc-55f16ad0244b,block.beauty,resell,,,high,low,5,"Spaceship, Inc.",03/08/2025 08:13,03/08/2027 23:59,28/09/2026 23:15
f8de688a-6712-4b86-8e4b-6947ef177817,eastern.beauty,resell,,,high,low,7,"Xiamen ChinaSource Internet Service Co., Ltd",26/12/2024 10:35,26/12/2026 23:59,26/09/2026 05:44
71eca1f5-4027-4703-b212-a1fa50ff5b27,turncoat.beauty,available,1.8,19.98,medium,low,8,namecheap,,,06/08/2026 03:49
a570f956-b1fb-4cad-84e3-cf7c03e807c0,dump.beauty,available,1.99,17.29,high,low,4,namesilo,,,25/09/2026 05:01
3007cb72-6fe2-47e6-b426-8d469c5690f0,finical.beauty,available,1.8,19.98,medium,low,7,namecheap,,,18/08/2026 04:56
5d848ea1-eb7c-49c7-8680-bd7556c57203,disruptive.beauty,available,1.24,13.97,medium,low,10,spaceship,,,28/09/2026 07:50
3a921029-55af-401e-8482-182cb4c8c5b3,dripping.beauty,available,1.8,21.98,medium,low,8,namecheap,,,14/09/2026 14:32
0038e601-fcd9-4eba-8e73-ad1af612d56d,schoolhouse.beauty,available,1.24,13.97,high,low,11,spaceship,,,30/09/2026 12:19
46cf68a9-60df-4c60-9d58-b86f1e5c4b2f,athene.beauty,available,1.8,21.98,high,low,6,namecheap,,,20/09/2026 20:37
732bffc6-fbbb-410c-b98b-9025334c5752,carob.beauty,available,1.99,17.29,medium,low,5,namesilo,,,18/09/2026 06:50
c880f7a5-079d-49b6-a36c-95e099181882,shutters.beauty,available,1.99,17.29,medium,low,8,namesilo,,,02/10/2026 03:37
0556f3b8-4dcb-4894-a65b-dbb967f00aeb,cellini.beauty,available,1.99,17.29,medium,low,7,namesilo,,,23/09/2026 08:47
46e69193-93d3-480f-9c12-d2bd7a07eca0,proceeded.beauty,available,1.99,17.29,medium,low,9,namesilo,,,18/09/2026 01:36
40ae064d-993c-4bbf-aa6b-c96ecbcd3997,softer.beauty,available,1.99,17.29,medium,low,6,namesilo,,,30/09/2026 06:29
20c1d1f5-c250-4ea8-95f2-f7c046782284,flatness.beauty,available,1.8,19.98,medium,low,8,namecheap,,,24/08/2026 17:17
82099ec9-49a0-46c3-8ddd-7ca04ab62a69,announcements.beauty,available,1.99,17.29,low,low,13,namesilo,,,30/09/2026 06:45
a4a71764-dc79-4218-a63d-54cfb1e26a85,microwave.beauty,available,1.99,17.29,high,low,9,namesilo,,,30/09/2026 04:20
850571a2-d527-479b-ad8b-0047db37eb2b,echoing.beauty,available,1.99,17.29,high,low,7,namesilo,,,30/09/2026 03:52
8fff9b4c-6dd1-4fb0-842e-d8abfc54ab04,aedes.beauty,available,1.99,17.29,medium,low,5,namesilo,,,17/09/2026 12:09
34987ed8-b83a-4d48-9bf6-715584791857,venereal.beauty,available,1.8,19.98,medium,low,8,namecheap,,,18/08/2026 21:42
5420066f-609b-4a28-89f2-9b128d304f34,strife.beauty,available,1.99,17.29,high,low,6,namesilo,,,24/09/2026 22:33
fad3cbf6-04ba-449e-9584-74edd0ef91c9,fairmont.beauty,available,1.99,17.29,high,medium,8,namesilo,,,29/09/2026 04:01
8a6e2ff6-005d-4ab6-9a18-2fe51aed5339,posthumous.beauty,available,1.8,21.98,medium,low,10,namecheap,,,09/09/2026 00:25
53f8451c-ee74-4923-a69e-50f0fdf8f876,petty.beauty,available,1.8,21.98,high,low,5,namecheap,,,24/09/2026 17:49
1d3bf97b-f7db-4d5f-b183-82cdaaad83be,undergo.beauty,available,1.99,17.29,high,low,7,namesilo,,,30/09/2026 03:15
0e0f05c5-a53e-41bb-85e3-237b57d8fd37,tylenol.beauty,available,1.24,13.97,high,medium,7,spaceship,,,28/09/2026 17:40
2a15cddc-7289-4689-b65b-c766806ba4a2,untalented.beauty,available,1.8,21.98,medium,low,10,namecheap,,,11/09/2026 07:26
e6a33a72-5d36-4c22-ba79-d5824239c139,prattle.beauty,available,1.99,17.29,medium,low,7,namesilo,,,23/09/2026 23:32
a1cd7a6e-01f0-43d6-b02e-d26e53e4d791,unrealised.beauty,available,1.8,21.98,medium,low,10,namecheap,,,12/09/2026 11:02
0d918da4-0794-4050-bfd5-c71cc3746bea,beefeater.beauty,available,1.8,21.98,medium,low,9,namecheap,,,23/09/2026 01:09
d3374d1b-d94e-43d5-816f-e62d5c67ebda,outdated.beauty,available,1.99,17.29,medium,low,8,namesilo,,,26/09/2026 03:15
2aff4f54-0eb0-4e26-a950-83464de1a707,checkers.beauty,available,1.99,17.29,high,low,8,namesilo,,,24/09/2026 13:59
2d1f7f10-0e7a-4873-850b-4831d958801d,maven.beauty,premium,2500,2500,high,low,5,name.com,,,
d5c8d6bf-b30a-4f2c-a4a0-87b49634d4e1,bivalent.beauty,available,1.8,19.98,high,low,8,namecheap,,,10/08/2026 08:58
5086805a-f54d-4225-a3ce-9d4a78d446ec,botchy.beauty,available,1.8,19.98,medium,low,6,namecheap,,,10/08/2026 20:53
31ffb35a-99d5-405d-8c54-d44c507fc8fc,solanum.beauty,available,1.99,17.29,high,low,7,namesilo,,,02/10/2026 05:03
ff3c0670-8e1c-48d3-8da7-b57308df2534,soaking.beauty,available,1.8,21.98,medium,low,7,namecheap,,,14/09/2026 14:28
95f4af9f-f4af-4fde-b89e-345b51675729,zombi.beauty,available,1.99,17.29,medium,low,5,namesilo,,,21/09/2026 07:04
464544fc-c199-453d-8a1f-930fa292449d,dissemble.beauty,available,1.8,21.98,high,low,9,namecheap,,,09/09/2026 01:49
c525788e-6686-4271-aa29-ce22eba46345,solving.beauty,available,1.8,21.98,high,low,7,namecheap,,,29/09/2026 02:13
f6e72898-6eb3-4415-8b64-eb7b038f7aee,ongoing.beauty,available,1.8,21.98,high,low,7,namecheap,,,04/09/2026 13:59
2fd2108f-1468-469f-88dd-becbcafdb856,resignation.beauty,available,1.99,,high,low,11,name.com,,,
bc1aae98-c0d4-43ec-93e4-74625ce01570,thermal.beauty,available,1.8,21.98,high,low,7,namecheap,,,23/09/2026 12:37
295723f6-0195-4693-96de-3e63cd83b626,egoistic.beauty,available,1.8,19.98,medium,low,8,namecheap,,,15/08/2026 18:54
aeaeb8c3-7d52-4a6f-a623-39f52f9667b9,heaps.beauty,available,1.8,21.98,high,low,5,namecheap,,,14/09/2026 23:17
895c72b7-7f52-4afa-ade6-3c44f4479a9a,heathrow.beauty,available,1.99,14.45,high,low,8,dynadot,,,01/10/2026 09:24
bda4b881-1365-4fac-bcff-7c1f8f8f94ca,emmett.beauty,available,1.24,13.97,medium,low,6,spaceship,,,28/09/2026 08:01
14b2e8aa-b432-4211-8978-bd77ee4f9fcd,algerie.beauty,available,1.99,17.29,high,low,7,namesilo,,,18/09/2026 06:58
c2327fcb-93bc-4c0a-beae-67daa4b2a70e,kosovo.beauty,available,1.99,17.29,high,low,6,namesilo,,,25/09/2026 23:25
e0dc3f2c-0e07-4bc4-8cd4-708d4307ff6b,buckle.beauty,available,1.8,21.98,medium,low,6,namecheap,,,28/09/2026 18:30
f13c4dd1-9b47-4819-9ba8-bfeffce71c74,tennyson.beauty,available,1.99,17.29,medium,low,8,namesilo,,,18/09/2026 06:38
86c1589c-4b45-4a41-bb00-2a78fe6bfa69,fey.beauty,available,1.8,19.98,medium,low,3,namecheap,,,16/08/2026 03:39
4f94f874-0202-43aa-b3d8-7911cb27f037,questioning.beauty,available,1.99,17.29,medium,low,11,namesilo,,,27/09/2026 09:01
80f4163a-7a71-40ca-a487-dbf98d223db2,caves.beauty,available,1.99,17.29,medium,low,5,namesilo,,,28/09/2026 13:19
5378fb93-fa96-46a9-9ded-275aeeeef6dd,salam.beauty,available,1.24,13.97,high,low,5,spaceship,,,01/10/2026 22:51
30597b94-e5d9-4af5-b076-043751f647e4,alternatives.beauty,available,1.8,21.98,medium,low,12,namecheap,,,19/09/2026 21:34
636a764b-f27f-4c85-b04d-23177cd48c0a,acrophobia.beauty,available,1.99,17.29,medium,low,10,namesilo,,,17/09/2026 03:53
997aff44-1d54-45c0-baad-3a081bfbd2e3,norm.beauty,available,1.99,17.29,high,low,4,namesilo,,,22/09/2026 14:30
29cd9cda-c067-4ce2-8572-d2b8a44d4fc0,gujarat.beauty,available,1.24,13.97,medium,low,7,spaceship,,,28/09/2026 19:24
ad514f31-e83d-4443-abf5-d83734776bc4,sibilant.beauty,available,1.8,19.98,medium,low,8,namecheap,,,12/08/2026 23:18
b40df47d-6a53-4913-805a-9988b590235d,paintings.beauty,available,1.99,17.29,high,low,9,namesilo,,,27/09/2026 03:04
cfb5f9bc-2153-4ccd-a6a1-fee799db12ee,elections.beauty,available,1.99,17.29,medium,low,9,namesilo,,,29/09/2026 05:09
549f5ba7-cb99-4dea-8c5e-e397c377b10a,spiral.beauty,available,1.99,17.29,high,low,6,namesilo,,,23/09/2026 14:59
41b46ef7-3f49-4a9e-a5ea-11228d0f7a13,addendum.beauty,available,1.99,17.29,medium,low,8,namesilo,,,17/09/2026 06:41
5a321956-7911-40d4-8ea0-561e3f310db4,grounding.beauty,available,1.99,17.29,high,low,9,namesilo,,,30/09/2026 17:05
cd8c88b6-65f1-40ef-9e53-7d0fdb1ffb0d,carbonated.beauty,available,1.8,19.98,medium,low,10,namecheap,,,11/08/2026 18:39
93c6281d-4456-4f60-9900-46a028274d27,cristobal.beauty,available,1.24,13.97,medium,low,9,spaceship,,,30/09/2026 20:55
83d48451-c930-48a7-b6df-b72ac8146874,alberta.beauty,available,1.99,17.29,high,low,7,namesilo,,,18/09/2026 02:45
61546e1f-1ddf-4f82-9e18-14fea0f9f1aa,toothless.beauty,available,1.8,21.98,medium,low,9,namecheap,,,11/09/2026 17:15
f385d367-2bdb-49d5-a341-b7ca1ad7915f,jra.beauty,available,1.99,17.29,medium,low,3,namesilo,,,19/09/2026 14:09
a7d9da83-9dae-448b-9861-ded80b848e9f,sociology.beauty,available,1.24,13.97,high,low,9,spaceship,,,30/09/2026 18:45
e1aeb896-4600-4ad6-8ec9-34518e553e7b,subconscious.beauty,available,1.24,13.97,high,low,12,spaceship,,,30/09/2026 03:47
09ce806d-ffc0-47f4-b7d5-4d9cb2bf20a7,kota.beauty,available,1.24,13.97,high,low,4,spaceship,,,30/09/2026 02:06
fa64d0fc-efbc-4265-9fcc-f7e8d9b211d4,gershwin.beauty,available,1.24,13.97,high,low,8,spaceship,,,30/09/2026 01:44
5d642568-07b0-42e4-858c-3da36432f310,robe.beauty,available,1.24,13.97,high,low,4,spaceship,,,28/09/2026 06:41
b0e2b0e4-ab49-4d2b-9eb0-4d1f3f3d6471,aqaba.beauty,available,1.99,17.29,medium,low,5,namesilo,,,17/09/2026 23:49
bc178811-3594-453d-bdee-ac05c9fb32b3,oxygen.beauty,resell,,,high,low,6,"Spaceship, Inc.",29/12/2024 11:01,29/12/2026 23:59,28/09/2026 23:01
d0702e9b-1f6a-4edb-8060-4ae5b2e09729,cypriote.beauty,available,1.99,20.99,medium,low,8,name.com,,,13/08/2026 14:05
26b70c89-7179-41cb-b409-375dcb5b4ddb,snowball.beauty,available,1.8,21.98,high,low,8,namecheap,,,16/09/2026 17:20
45738dd1-1ff4-4b66-9f1b-ef89fa09a711,guantanamo.beauty,available,1.24,13.97,medium,low,10,spaceship,,,28/09/2026 09:58
fb9cd49c-2dda-4520-99ca-bf843236580e,primadonna.beauty,available,1.99,,medium,low,11,name.com,,,
23467baa-23bb-489b-8cbc-f32134b3efd4,dexter.beauty,available,1.8,19.98,high,low,6,namecheap,,,14/08/2026 05:26
9b8f4f16-1113-4a38-827f-acce771d485e,uub.beauty,available,1.99,17.29,medium,low,3,namesilo,,,20/09/2026 22:14
e7362f6f-8e88-443c-bf77-bff7c449dd08,samuels.beauty,available,1.8,21.98,medium,low,7,namecheap,,,29/09/2026 09:53
10e6681f-e948-45f0-8e63-a31839741dcd,wireless.beauty,available,1.99,17.29,high,low,8,namesilo,,,27/09/2026 09:37
7caab688-ce82-4a1d-92b3-e581fe80ad40,variant.beauty,available,1.8,21.98,high,low,7,namecheap,,,13/09/2026 01:15
f7a8ae2d-a3e7-44c6-b28e-4557df19bc82,varying.beauty,available,1.8,21.98,high,low,7,namecheap,,,13/09/2026 01:31
9d7843dd-a39a-406a-b06d-6e9dea92ab17,roving.beauty,available,1.8,19.98,high,low,6,namecheap,,,25/08/2026 02:22
70680d69-58d9-4d50-94b2-84a4dcf21d97,trailers.beauty,available,1.99,17.29,medium,low,8,namesilo,,,19/09/2026 01:06
eb572c3b-d39b-455b-90d4-6e04f655c37c,voluptuous.beauty,available,1.8,19.98,high,low,10,namecheap,,,10/08/2026 20:39
eb073927-db09-4999-93c3-6e222d78b179,starship.beauty,available,1.24,13.97,high,low,8,spaceship,,,30/09/2026 11:04
6624265c-bc7c-4c99-b3af-bc4c485a494b,drowning.beauty,available,1.99,17.29,medium,low,8,namesilo,,,27/09/2026 17:38
639355f9-017b-45f7-8efb-83df3ec54cc8,talebearer.beauty,available,1.8,21.98,medium,low,10,namecheap,,,11/09/2026 10:34
4efad431-0d0b-49e5-baaa-cc32a73d1ed4,pvc.beauty,available,1.24,13.97,high,low,3,spaceship,,,29/09/2026 01:51
d72070c5-9fb1-43b8-bc6d-353fd78e5df7,tapering.beauty,available,1.8,19.98,medium,low,8,namecheap,,,14/08/2026 21:50
1784e837-3ffe-4cc6-aa7e-db88a900b6b4,torrential.beauty,available,1.8,21.98,medium,low,10,namecheap,,,11/09/2026 17:57
796b712e-52b0-41bd-b9f0-459e8cbca8be,revolver.beauty,available,1.8,21.98,high,low,8,namecheap,,,28/09/2026 20:20
cf159709-70fd-4171-ac25-2a33207edc40,continents.beauty,available,1.99,17.29,medium,low,10,namesilo,,,18/09/2026 12:00
9afe5b9a-0080-490f-97e8-34348fd24904,pitchfork.beauty,available,1.99,17.29,high,low,9,namesilo,,,02/10/2026 04:55
7299427d-d98a-4273-b2a1-5913a1453185,denny.beauty,available,1.99,17.29,high,low,5,namesilo,,,25/09/2026 15:22
7d011d61-c71b-4661-a510-ed0436a9c0c5,committee.beauty,available,1.8,21.98,high,low,9,namecheap,,,29/09/2026 09:31
c824379d-92b3-4745-a2b4-70fe8f028499,phage.beauty,available,1.99,17.29,medium,low,5,namesilo,,,21/09/2026 16:31
2369744a-eb55-402f-8f70-4545ffe362b0,exhibited.beauty,available,1.24,13.97,medium,low,9,spaceship,,,30/09/2026 15:15
3dbcd20c-7a90-4352-b166-5fe345fb52c2,aculeus.beauty,available,1.99,17.29,medium,low,7,namesilo,,,17/09/2026 05:33
e48de2af-133a-4ec3-8efa-fca3db52527c,resister.beauty,available,1.99,17.29,medium,low,8,namesilo,,,17/09/2026 10:48
05102c86-7555-4041-8a4b-bc228909b939,brescia.beauty,available,1.8,21.98,medium,low,7,namecheap,,,29/09/2026 06:10
5640c50d-122f-4926-b590-d5756ed04784,bearnaise.beauty,available,1.8,21.98,medium,low,9,namecheap,,,22/09/2026 21:23
227eca82-0190-40ea-974d-c4d1274f6477,nescient.beauty,available,1.8,19.98,medium,low,8,namecheap,,,21/08/2026 18:29
b16c14ee-626a-430c-9f9c-8fc273764f0a,numbat.beauty,available,1.99,17.29,medium,low,6,namesilo,,,22/09/2026 01:07
380f5634-c531-421e-906a-766a6fb8658a,epizoon.beauty,available,1.8,19.98,medium,low,7,namecheap,,,15/08/2026 00:52
d88f6020-3fcb-4bf8-9511-e56b8a9167c9,aquatics.beauty,available,1.99,17.29,high,low,8,namesilo,,,19/09/2026 23:08
a67185aa-c3ed-4d76-89e1-59979d03547f,pinpoint.beauty,available,1.8,21.98,high,low,8,namecheap,,,30/09/2026 10:52
8c931b00-061a-460c-a77f-5061c4c30f76,aigrette.beauty,available,1.8,21.98,medium,low,8,namecheap,,,17/09/2026 20:55
9ccf3561-9ced-4cc4-b21b-b028fb42d0f3,pray.beauty,premium,2660,2660,high,low,4,namesilo,,,30/09/2026 15:41
b7577837-d3e6-4024-bc09-0d6f56fb2977,default.beauty,available,1.99,14.45,high,low,7,dynadot,,,29/09/2026 13:30
f844a162-0f5f-4e6a-8739-09058584910c,biscayne.beauty,available,1.99,17.29,medium,low,8,namesilo,,,01/10/2026 09:13
fa8e1a6e-cd3b-43eb-9f7a-7bcf960f0ccf,rubidium.beauty,available,1.99,17.29,medium,low,8,namesilo,,,20/09/2026 22:58
29b0e64c-522c-4933-948f-652e6b1058ae,strand.beauty,available,1.8,19.98,high,low,6,namecheap,,,24/08/2026 16:26
0186490b-b0c4-45e4-9837-c66a91cae31a,lenten.beauty,available,1.8,19.98,medium,low,6,namecheap,,,22/08/2026 23:48
fac49bdb-d20d-49a5-b27a-3405d0c8c87c,salvation.beauty,available,1.24,13.97,high,low,9,spaceship,,,28/09/2026 03:00
e6260375-7a2c-410b-92e1-bd77d4882c3a,freeing.beauty,available,1.99,17.29,high,low,7,namesilo,,,30/09/2026 17:23
1413df1a-2fe3-44e0-8849-3e70298d7fa1,stints.beauty,available,1.99,17.29,medium,low,6,namesilo,,,20/09/2026 14:23
b4ccaffa-9d29-4542-802d-c1991cfdb908,pose.beauty,available,1.8,19.98,high,low,4,namecheap,,,22/08/2026 21:29
7dc3d67e-02b5-4b79-8f0f-b73e24e2284d,yong.beauty,premium,832,832,medium,low,4,namesilo,,,28/09/2026 16:51
6223a565-278c-436e-92eb-9c02320ea75f,spermatic.beauty,available,1.8,21.98,high,medium,9,namecheap,,,10/09/2026 15:31
70941489-6d1a-4dd2-b127-051a4103593b,danville.beauty,available,1.99,14.45,medium,low,8,dynadot,,,28/09/2026 04:20
7b371241-5545-4d5b-8622-fb187add3110,joachim.beauty,available,1.99,17.29,high,low,7,namesilo,,,27/09/2026 04:35
19e17fb1-a8a8-430b-8d1c-ed10e6184b5b,oprah.beauty,premium,2660,2660,high,medium,5,namesilo,,,29/09/2026 15:36
623e4e98-b793-45b9-b9da-849ed8104af2,spent.beauty,available,1.8,19.98,medium,low,5,namecheap,,,14/08/2026 14:53
e1f4edac-1189-453a-90a6-4cb2923e4898,admittedly.beauty,available,1.8,21.98,medium,low,10,namecheap,,,11/09/2026 20:31
07e8f3ea-8746-49ef-8574-4001940e8c78,insipid.beauty,available,1.8,19.98,medium,low,7,namecheap,,,10/08/2026 12:59
da175d85-3a96-440f-97c2-60a0b8788fae,haunt.beauty,available,1.99,17.29,high,low,5,namesilo,,,29/09/2026 07:08
747c3b08-f586-40cd-a885-7268b47f658b,inversion.beauty,available,1.99,17.29,high,low,9,namesilo,,,19/09/2026 03:24
98399d0f-705a-43ec-a66a-e443434f8d87,went.beauty,available,1.99,17.29,high,low,4,namesilo,,,30/09/2026 22:44
f6f32e05-21e5-4572-8bd0-30e70357245d,hanged.beauty,available,1.24,13.97,medium,low,6,spaceship,,,28/09/2026 08:24
4ed8398c-9cef-47dc-af71-7aebb385dc5a,associates.beauty,available,1.24,13.97,medium,low,10,spaceship,,,28/09/2026 08:50
bec81d97-dae5-42ae-9c10-24150d8eec3b,sharpness.beauty,available,1.99,17.29,medium,low,9,namesilo,,,24/09/2026 23:08
129056c9-8767-4c34-b54e-0c5ad1bb9017,straws.beauty,available,1.99,17.29,medium,low,6,namesilo,,,20/09/2026 08:03
0a901b22-54d1-4886-8c27-99f31616a813,aro.beauty,available,1.24,13.97,high,low,3,spaceship,,,30/09/2026 03:42
259e17c1-3eef-4abf-933c-386adc29f7ea,mcm.beauty,available,1.99,17.29,high,medium,3,namesilo,,,02/10/2026 02:26
2174c8c5-2348-4324-9a96-76ef8e31d339,tanzanian.beauty,available,1.8,21.98,medium,low,9,namecheap,,,11/09/2026 08:09
0f9f4bc8-596b-4df7-888f-0e305d938e25,raining.beauty,available,1.99,17.29,high,low,7,namesilo,,,19/09/2026 11:06
239f9106-c7b2-4271-8251-2156af98b2ec,dutchman.beauty,available,1.24,13.97,high,low,8,spaceship,,,02/10/2026 04:39
72258d15-4cb5-477c-94eb-68c62e62f444,sensorial.beauty,available,1.8,21.98,medium,low,9,namecheap,,,10/09/2026 03:46
aadeffb3-99f6-40ec-ad12-46f04e243d62,barilla.beauty,available,1.8,21.98,high,medium,7,namecheap,,,22/09/2026 05:52
b16d22bc-c641-434c-91d2-86f0c9076451,medley.beauty,available,1.24,13.97,high,low,6,spaceship,,,02/10/2026 05:45
b99a9df4-fcf9-47e0-a1ab-65afc0cef4cc,shipwreck.beauty,available,1.99,17.29,medium,low,9,namesilo,,,01/10/2026 03:42
a5373738-76c5-4a42-a890-4c5a691a83d9,twelfth.beauty,available,1.65,15.75,high,low,7,namesilo,,,
441b9adf-3b34-4f03-807f-b82a672cb8ca,thirdly.beauty,available,1.8,21.98,medium,low,7,namecheap,,,11/09/2026 13:39
344e12d3-c51a-450e-ad14-3459fab613b5,blazer.beauty,available,1.99,20.99,high,low,6,name.com,,,24/09/2026 05:03
6f22b7c3-dbf9-4612-8299-906cd9eb2508,cctv.beauty,available,1.99,17.29,high,low,4,namesilo,,,30/09/2026 03:41
db22c110-8932-4bec-98ba-7f514096814b,restriction.beauty,available,1.65,15.75,high,low,11,namesilo,,,
8b79f3ac-e1a6-49f2-9426-e980e6cecd59,coroner.beauty,available,1.99,17.29,medium,low,7,namesilo,,,28/09/2026 09:27
0cd4cb6c-2f18-459b-bdc7-3258c5640ff8,untested.beauty,available,1.8,21.98,medium,low,8,namecheap,,,12/09/2026 21:13
a26f4de4-587e-4835-b8b8-0772bc16ab2d,determine.beauty,available,1.24,13.97,high,low,9,spaceship,,,30/09/2026 11:01
8b3a1221-ee6e-4427-b23c-d2d211557e54,aetna.beauty,premium,2070.2,2070.2,high,low,5,spaceship,,,30/09/2026 21:49
b1704fba-348a-4b04-9f89-ddfa14b5a187,capt.beauty,available,1.99,17.29,high,low,4,namesilo,,,25/09/2026 12:23
fa258e17-fd7f-44ba-841d-37021254a13e,popcorn.beauty,available,1.99,14.45,high,medium,7,dynadot,,,28/09/2026 20:12
70b641f8-21fd-4671-a88f-f79077abfa9e,aquifer.beauty,available,1.8,21.98,medium,low,7,namecheap,,,19/09/2026 23:11
5e653704-3436-4736-8026-6e54a28c0949,aerobics.beauty,available,1.99,17.29,high,low,8,namesilo,,,17/09/2026 12:56
8303c9d0-3472-4407-8c9c-3ee5d8079a73,relay.beauty,available,1.99,14.45,high,medium,5,dynadot,,,28/09/2026 09:35
43cf854b-7a09-45c8-88cc-d2dc93306afc,woes.beauty,available,1.99,17.29,low,low,4,namesilo,,,20/09/2026 07:52
f93bde51-dc54-4286-9869-d303180cabca,adiposity.beauty,available,1.99,17.29,medium,low,9,namesilo,,,17/09/2026 08:19
71fd1697-7092-4293-a4dc-185513a8df8a,alky.beauty,available,1.65,15.75,medium,low,4,namesilo,,,
7d12452c-d3f6-4dea-a913-7f7e6696d212,herd.beauty,available,1.8,21.98,high,low,4,namecheap,,,24/09/2026 19:45
7043690f-c7be-4086-9610-bbc7bbcdd166,expect.beauty,available,1.99,17.29,high,low,6,namesilo,,,30/09/2026 15:04
e00c8a70-4b5c-4fb4-9fee-ae5140a14440,imitating.beauty,available,1.24,13.97,high,low,9,spaceship,,,30/09/2026 20:05
0da47988-ceb8-415b-8f88-c1e9f857ef35,swarm.beauty,available,1.99,17.29,high,medium,5,namesilo,,,29/09/2026 14:02
5f79c8aa-4727-4aa3-9fc5-5ec136b2028d,accretive.beauty,available,1.65,15.75,medium,low,9,namesilo,,,
3c3584b8-a225-4c20-8706-31fd5add42f4,evidential.beauty,available,1.8,19.98,high,low,10,namecheap,,,17/08/2026 15:02
3b50e450-3d81-4940-80b8-d80284010605,mont.beauty,available,1.24,13.97,medium,low,4,spaceship,,,30/09/2026 19:51
5dfd942e-23e7-4efe-b463-dd1e53dffbfd,eskimo.beauty,available,1.8,21.98,high,low,6,namecheap,,,30/09/2026 09:35
38454367-cd73-4eb5-ba22-50bb8d661af1,avondale.beauty,available,1.54,14.21,medium,low,8,porkbun,,,30/09/2026 21:47
00f60741-280e-46e6-9ee3-96df59cde96f,bars.beauty,premium,2070.2,2070.2,high,low,4,spaceship,,,29/09/2026 01:17
95797ded-5fe0-432d-a8a9-a93a20c8839a,unused.beauty,available,1.24,13.97,medium,low,6,spaceship,,,28/09/2026 09:50
9e806084-1669-4e96-86a0-81b77df898b9,thrill.beauty,available,1.99,14.45,high,low,6,dynadot,,,28/09/2026 05:48
ffb47912-37ef-46a9-ab43-d21a28e50630,abscess.beauty,available,1.99,17.29,medium,low,7,namesilo,,,16/09/2026 17:31
7ee6bb3d-8666-4e2e-8483-26f659c8e953,dolls.beauty,available,1.99,17.29,medium,low,5,namesilo,,,28/09/2026 09:09
b2867095-453d-4929-9f93-0664a69ac1f4,freddie.beauty,available,1.8,21.98,high,low,7,namecheap,,,26/09/2026 03:15
98cd5dbc-9ab3-4e31-9a9f-8ba89c9a5023,conde.beauty,available,1.24,13.97,medium,low,5,spaceship,,,29/09/2026 09:06
345e9526-ee2d-467f-9b66-5e29cd6d2b76,floodwaters.beauty,available,1.99,17.29,medium,low,11,namesilo,,,21/09/2026 03:37
b3f1f8db-589e-439b-91ec-5b8be3740215,feels.beauty,available,1.99,17.29,high,low,5,namesilo,,,01/10/2026 09:54
935031a3-607c-4eab-aa71-6e9a5072b956,auditorium.beauty,available,1.99,17.29,high,low,10,namesilo,,,21/09/2026 03:13
e12dffd7-cf28-4121-a662-b359ac369c93,cemetery.beauty,available,1.24,13.97,high,low,8,spaceship,,,27/09/2026 12:06
2ac7a64b-c621-4376-82ce-cd042df1589e,afferent.beauty,available,1.65,15.75,high,low,8,namesilo,,,
8b08ae03-faaa-4ba9-b734-02862c7d6fdb,shall.beauty,available,1.65,15.75,high,low,5,namesilo,,,
273fb551-0884-4794-9da7-a387c82543b2,elevate.beauty,resell,,,high,medium,7,,,,30/09/2026 10:25
601e942f-3260-496f-8c3b-d94b3c54cf8f,rains.beauty,available,1.8,21.98,medium,low,5,namecheap,,,28/09/2026 07:33
7ec0bbe1-ae21-42bc-bb1c-4a2fd3a8db8c,uttered.beauty,available,1.8,19.98,medium,low,7,namecheap,,,17/08/2026 18:44
e03c4aed-42ef-4fe4-b012-a69ff51048a9,aground.beauty,available,1.65,15.75,medium,low,7,namesilo,,,
905b65e3-de0c-42a9-9b57-343b73d78d8d,beatitude.beauty,available,1.8,21.98,high,low,9,namecheap,,,22/09/2026 21:40
cb92e186-3719-418f-916a-ad1aff36d092,identifies.beauty,available,1.24,13.97,medium,low,10,spaceship,,,30/09/2026 22:38
b0cda139-7f63-4ae8-90fa-fe019d930fd0,wits.beauty,available,1.24,13.97,high,low,4,spaceship,,,29/09/2026 14:09
cd873862-f164-4f1e-9dd6-7a90fac93224,infantile.beauty,available,1.8,19.98,medium,low,9,namecheap,,,12/08/2026 05:04
414ed8ae-9e14-4eb1-ba50-081efc440e6a,caption.beauty,available,1.8,21.98,high,low,7,namecheap,,,24/09/2026 12:41
58d1e32c-09fe-4038-b057-a4bf31d1b17b,cuisine.beauty,available,1.24,13.97,high,low,7,spaceship,,,30/09/2026 21:07
80180417-3f8c-465a-9f71-f2a17de6baef,porous.beauty,available,1.8,19.98,medium,low,6,namecheap,,,21/08/2026 10:25
2767eaa6-46bb-4503-8f99-5451213863db,dissertation.beauty,available,1.8,21.98,high,low,12,namecheap,,,30/09/2026 03:22
cc114871-e72b-400f-82d4-46626fed473e,hapless.beauty,available,1.8,19.98,medium,low,7,namecheap,,,20/08/2026 23:48
7b202216-2e92-4567-a6b8-ba67a9187700,zebra.beauty,resell,,,high,low,5,,,,29/09/2026 08:21
a385e0a3-512b-4e9c-8ad6-ada581906fcb,bearing.beauty,available,1.8,21.98,high,low,7,namecheap,,,22/09/2026 18:34
2ca3be5d-dd6b-4d47-997a-6fee88b25395,high.beauty,resell,,,high,low,4,"Spaceship, Inc.",02/03/2021 15:05,02/03/2027 23:59,26/09/2026 06:39
9847a4c7-f573-4bd5-ba0b-e19b9d148013,blade.beauty,available,1.99,17.29,high,low,5,namesilo,,,24/09/2026 03:32
7d46a779-90e8-4a41-ac56-d9be828230b1,avionics.beauty,available,1.99,17.29,high,low,8,namesilo,,,21/09/2026 09:35
2a48e38c-cb46-4fa5-a787-8ab90e57b91b,maximize.beauty,available,1.24,13.97,high,low,8,spaceship,,,29/09/2026 20:44
f77a5819-d2b6-47b2-886e-3f79207ff05f,allometric.beauty,available,1.65,15.75,medium,low,10,namesilo,,,
c5ba789f-42fc-49e0-8acc-c1cf0062a3cd,genovese.beauty,available,1.8,19.98,high,low,8,namecheap,,,18/08/2026 21:49
703b885d-b5b9-4856-a0a2-8e860ba5f08b,respects.beauty,available,1.99,17.29,high,low,8,namesilo,,,30/09/2026 09:58
8991f6c8-a531-4993-aa94-c7b78e5125d6,acetabular.beauty,available,1.65,15.75,medium,low,10,namesilo,,,
1750a8a8-bc3a-4d39-abfc-33082476f93a,mournfully.beauty,available,1.8,21.98,medium,low,10,namecheap,,,15/09/2026 15:33
44c094b7-ce93-4d1f-b31d-e33f44c76027,delusive.beauty,available,1.8,19.98,medium,low,8,namecheap,,,14/08/2026 00:53
c00ab6ea-2650-456c-99ab-cb7b95e97c8d,antichrist.beauty,available,1.99,17.29,medium,low,10,namesilo,,,19/09/2026 14:15
d759b8e5-3faa-4726-8310-6d5e71b4d478,damnably.beauty,available,1.99,20.99,low,low,8,name.com,,,13/08/2026 16:35
eb8135eb-9ac6-45d8-b04d-3119b66dd077,tripping.beauty,available,1.8,19.98,medium,low,8,namecheap,,,23/08/2026 05:23
a1d5ef5d-b7fd-4bde-b7d6-715aed74dea9,coupon.beauty,premium,2660,2660,high,low,6,namesilo,,,24/09/2026 18:44
842ab344-d042-43f3-9187-e166dafbcd1b,ravishing.beauty,resell,,,high,low,9,Dynadot Inc,11/05/2026 17:37,11/05/2027 23:59,26/09/2026 08:30
848018ce-b0fd-466f-be35-682eaa8d6497,quelled.beauty,available,1.8,21.98,medium,low,7,namecheap,,,09/09/2026 08:24
66b8df44-90a3-4479-881a-80287204b97b,talented.beauty,available,1.8,19.98,high,low,8,namecheap,,,18/08/2026 23:26
a4170a06-4ec3-4806-a979-3ce5e6a16493,ngc.beauty,available,1.24,13.97,medium,low,3,spaceship,,,28/09/2026 13:16
5dfd5bd8-b162-40e1-8561-b065c8b33961,baguette.beauty,available,1.99,17.29,high,low,8,namesilo,,,29/09/2026 00:33
73c8e02f-de8f-45ea-9b31-fdb6542d8b32,acuate.beauty,available,1.65,15.75,medium,low,6,namesilo,,,
b3e12ff1-334e-404f-a95a-594cbc5d7cc6,illogical.beauty,available,1.8,19.98,medium,low,9,namecheap,,,14/08/2026 11:22
fddde7e4-7a60-4704-8b04-3a83e8fd1eca,democrats.beauty,available,1.99,17.29,medium,low,9,namesilo,,,30/09/2026 00:47
32155786-c8ae-4757-80ba-fc4d3ef6625a,addressed.beauty,available,1.65,15.75,high,low,9,namesilo,,,
1b72a183-ff31-4b10-a6ce-283194bf1b8b,asarum.beauty,available,1.99,17.29,medium,low,6,namesilo,,,20/09/2026 12:52
0371c60f-0f9f-41a4-959d-34ac8a4ccd24,scene.beauty,premium,2600,2600,high,low,5,namecheap,,,24/09/2026 18:53
bc5ab63c-7e07-4264-aeb0-f574a8646a42,lucie.beauty,available,1.24,13.97,medium,low,5,spaceship,,,28/09/2026 21:31
b3c172a0-2e69-4712-94a0-fa78a2cf361b,khartoum.beauty,available,1.99,17.29,medium,low,8,namesilo,,,24/09/2026 12:25
78458a20-59fd-407a-bbf9-92409a32d326,tearing.beauty,available,1.8,21.98,high,low,7,namecheap,,,11/09/2026 09:42
3bafb944-4c69-4692-bf26-25647eae0f37,neolithic.beauty,available,1.8,21.98,medium,low,9,namecheap,,,03/09/2026 15:25
1c04f888-e181-45ea-af4f-dcd43b3ae4ab,shampoo.beauty,premium,2070.2,2070.2,high,low,7,spaceship,,,30/09/2026 02:51
f2bd4be2-401e-4f74-9f0c-9f32481bb49b,neill.beauty,available,1.99,17.29,medium,low,5,namesilo,,,28/09/2026 23:29
b5d816f9-24b0-4f38-8e5d-9033cddded11,bruges.beauty,available,1.99,17.29,medium,low,6,namesilo,,,29/09/2026 06:10
302b9b1d-c2e4-4860-a3ab-1de3bc3d76ba,cubic.beauty,available,1.8,19.98,high,low,5,namecheap,,,13/08/2026 10:01
29783a6e-6621-4884-930c-a4fbea5e0b95,kiefer.beauty,available,1.24,13.97,medium,low,6,spaceship,,,01/10/2026 23:57
d23dede6-66b5-4845-8e33-72b669c9ec07,relaxant.beauty,available,1.8,21.98,high,low,8,namecheap,,,09/09/2026 13:22
263f7bc7-9311-4f17-9729-f5e992f51a69,kid.beauty,premium,2660,2660,high,low,3,namesilo,,,25/09/2026 12:09
7bf00349-3c1a-43a3-a9f7-51c0119adcfb,corking.beauty,available,1.8,19.98,medium,low,7,namecheap,,,08/08/2026 12:20
71f4ee6f-955d-42f5-b428-1a3043ede570,collapsed.beauty,available,1.99,20.99,low,low,9,name.com,,,20/09/2026 18:10
b5818ccd-acd8-454c-8281-5ea7f43ace51,unconfined.beauty,available,1.8,21.98,medium,low,10,namecheap,,,12/09/2026 06:03
86622386-b93b-48fc-b606-960af6e0f40a,asteraceae.beauty,available,1.8,21.98,medium,low,10,namecheap,,,20/09/2026 17:03
c667b798-afb6-4343-87ab-0ebb2d96dd5a,fung.beauty,available,1.24,13.97,medium,low,4,spaceship,,,30/09/2026 12:28
9950ec95-c1d8-4528-95d3-869e14cb1ed6,estates.beauty,available,1.99,17.29,medium,low,7,namesilo,,,18/09/2026 06:36
a0a2b9d8-6808-42f7-a1fe-e6492383cfc5,zoomed.beauty,available,1.99,17.29,medium,low,6,namesilo,,,18/09/2026 03:48
a15ed182-54c3-4135-adeb-51db92f31209,pasco.beauty,available,1.24,13.97,high,low,5,spaceship,,,30/09/2026 13:57
b93affd9-831f-4adb-8c52-4b262e4a35e0,feeding.beauty,available,1.8,21.98,high,low,7,namecheap,,,25/09/2026 22:30
ebd63215-8858-47ae-a392-79a02ceda36e,blab.beauty,available,1.8,21.98,medium,low,4,namecheap,,,23/09/2026 23:33
7742c72d-77b2-4bde-94e8-6e9f4ad9ca4e,banian.beauty,available,1.99,17.29,medium,low,6,namesilo,,,22/09/2026 02:05
a47f0bb1-784a-4db4-89d9-9f09af13c28f,distal.beauty,available,1.8,19.98,medium,low,6,namecheap,,,14/08/2026 13:03
99dd85e0-445c-4bfa-bb8d-3982caf61219,banting.beauty,available,1.8,21.98,medium,low,7,namecheap,,,22/09/2026 03:15
ab69075e-193f-4510-9c59-d109961afced,brenner.beauty,available,1.8,21.98,medium,low,7,namecheap,,,28/09/2026 22:08
8c7a5937-7a61-4efe-a75d-f674a68a65e5,alienable.beauty,available,1.65,15.75,medium,low,9,namesilo,,,
f936dcb3-af38-4015-aa10-93120e382de2,dynamics.beauty,available,1.24,13.97,high,low,8,spaceship,,,29/09/2026 12:07
e1382ebc-1052-4e1a-87c3-4f7a9084128e,monogenic.beauty,available,1.8,19.98,medium,low,9,namecheap,,,25/08/2026 05:13
b620846d-8184-4184-a217-aa7726037a68,compelling.beauty,available,1.99,17.29,high,low,10,namesilo,,,23/09/2026 17:02
ce595cc7-50dd-4cc6-a242-f200eb56f625,antigen.beauty,available,1.99,17.29,high,low,7,namesilo,,,19/09/2026 14:24
246c3c6d-68f1-4025-9a1e-f96274d005e4,milch.beauty,available,1.8,19.98,medium,low,5,namecheap,,,24/08/2026 22:55
64f2f30d-5adf-4e05-b3da-6bb4504cc09b,chung.beauty,premium,672.95,672.95,medium,low,5,spaceship,,,28/09/2026 16:45
da9227a8-fb09-4be3-a3e6-2bbdb6761b2e,edm.beauty,available,1.99,17.29,high,low,3,namesilo,,,30/09/2026 04:41
621bfaca-4cb5-4ea7-82d0-9b0aa6ced0f5,motional.beauty,available,1.8,19.98,medium,low,8,namecheap,,,25/08/2026 07:22
440f0013-ee4d-40dc-8681-25ec2b6075ff,beowulf.beauty,available,1.99,17.29,medium,low,7,namesilo,,,23/09/2026 09:04
02ac4503-2951-46e2-beaa-70d9e3523de8,retch.beauty,available,1.8,21.98,high,medium,5,namecheap,,,10/09/2026 07:37
c5c8bd58-22a0-4fe9-94ab-6ba5f776374f,aloof.beauty,available,1.65,15.75,medium,low,5,namesilo,,,
41995c16-3ff7-440c-9e22-d8cee04c0426,oceangoing.beauty,available,1.8,21.98,medium,low,10,namecheap,,,04/09/2026 00:20
c3ebced7-fbb3-4078-a8c2-c4573abceb90,neglected.beauty,available,1.8,19.98,medium,low,9,namecheap,,,21/08/2026 18:36
97c1cb83-ea2b-41d4-a6b3-0d719570f020,keynesian.beauty,available,1.8,19.98,medium,low,9,namecheap,,,22/08/2026 15:46
4ae4c8f0-b4a5-4c76-8a3b-c2f595fdde64,appalachia.beauty,available,1.99,17.29,medium,low,10,namesilo,,,19/09/2026 19:44
4ede8fec-8ac7-47fb-83a0-45b2a88c501c,verbs.beauty,available,1.65,15.75,medium,low,5,namesilo,,,
0f42d0b6-5060-41fb-9939-5cca872ea1e6,predatory.beauty,available,1.8,19.98,medium,low,9,namecheap,,,24/08/2026 15:43
85fee343-0b69-4ffa-9b59-ad9d9ddea69e,dinosaur.beauty,available,1.24,13.97,high,low,8,spaceship,,,29/09/2026 15:02
e70a965e-118a-4ab0-85a1-f4c9b2fa356f,flares.beauty,available,1.24,13.97,medium,low,6,spaceship,,,01/10/2026 00:40
3540edf3-2b6c-40f7-bb3b-d8c43f7fd25c,unproven.beauty,available,1.8,21.98,medium,low,8,namecheap,,,12/09/2026 17:33
3e78d2d6-deba-41c7-bfc1-70ee1ac2d98b,spavined.beauty,available,1.8,21.98,high,medium,8,namecheap,,,10/09/2026 15:20
b42f7f46-d0cc-4640-bd91-e9f99d92c1d3,bondage.beauty,premium,2600,2600,high,low,7,namecheap,,,29/09/2026 18:02
e6c46c47-5e93-4505-8c9a-af8ee23bb13f,syphilis.beauty,available,1.99,14.45,medium,low,8,dynadot,,,30/09/2026 17:56
f36581b6-1969-488f-9948-54d44e2fd926,ingenuity.beauty,available,1.99,17.29,high,low,9,namesilo,,,24/09/2026 15:35
d5ee2714-6319-46d9-99f8-8a04839ae96e,specially.beauty,available,1.99,14.45,medium,low,9,dynadot,,,28/09/2026 14:42
fa590e1e-a23c-43e4-8730-04e5d47e5be8,march.beauty,available,1.99,17.29,high,high,5,namesilo,,,29/09/2026 03:44
b9359774-5d1d-444b-ac83-d0dc22932508,distasteful.beauty,available,1.24,13.97,medium,low,11,spaceship,,,01/10/2026 22:50
bc3bb14d-b9e1-493a-a20b-b192f7c238f0,hazards.beauty,available,1.99,17.29,medium,low,7,namesilo,,,01/10/2026 17:26
0e3ac79a-8fa3-4e03-a764-8a2e50451e54,auxetic.beauty,available,1.8,19.98,medium,low,7,namecheap,,,07/08/2026 21:28
d532498e-f04a-44ae-8047-8689fb0fbd12,alga.beauty,available,1.8,21.98,high,low,4,namecheap,,,18/09/2026 06:47
3cfd869a-791d-4c6e-a729-b473380ea33e,homoerotic.beauty,available,1.8,19.98,medium,low,10,namecheap,,,21/08/2026 12:51
bc5bc4f9-dba6-43b3-a52e-836e73ed16b3,respectfully.beauty,available,1.54,14.21,high,low,12,porkbun,,,01/10/2026 18:21
93bd53e0-f058-470e-8e1b-334313b351f6,achievable.beauty,available,1.99,17.29,high,low,10,namesilo,,,21/09/2026 15:42
c1b62858-7c80-4af1-b93b-3f6decf63ff8,olsen.beauty,premium,832,832,high,low,5,namesilo,,,25/09/2026 12:35
f7a4765d-800d-4e66-9bd4-ca534c3711de,cretan.beauty,available,1.99,17.29,high,low,6,namesilo,,,30/09/2026 01:09
fe72b9fd-1d66-4428-b99d-55ff867f41e5,leased.beauty,available,1.8,19.98,high,low,6,namecheap,,,12/08/2026 02:50
b7d58e24-e901-4fbd-a957-6b344094c9e0,gallon.beauty,available,1.99,17.29,high,low,6,namesilo,,,29/09/2026 10:57
3dacf42c-7a08-4fb6-b3f6-10f3818cba21,potpourri.beauty,available,1.8,19.98,medium,low,9,namecheap,,,25/08/2026 08:24
2feb1582-cdbe-47ae-b8af-e27a30b2b74c,nashua.beauty,available,1.99,17.29,medium,low,6,namesilo,,,29/09/2026 22:37
b5920875-6bf1-4e8e-bcac-91ebc364f8d2,broadleaf.beauty,available,1.8,19.98,high,low,9,namecheap,,,11/08/2026 04:57
757fafa3-123e-43dd-898e-6b870180173c,aura.beauty,premium,832,832,high,medium,4,namesilo,,,21/09/2026 04:15
1acf3987-28fa-40a1-bfac-7373d5fdd0f7,unsavory.beauty,available,1.8,19.98,medium,low,8,namecheap,,,14/08/2026 13:05
b5870c3c-a272-4c15-bdb8-d5b9e1d2ac1d,spinning.beauty,available,1.99,17.29,high,low,8,namesilo,,,27/09/2026 05:29
a20b47ae-c4e1-4160-826c-ced6364113b7,bernoulli.beauty,available,1.99,17.29,medium,low,9,namesilo,,,23/09/2026 09:57
0fb72cc0-b71d-48c6-860e-894b08fc09a7,prelate.beauty,available,1.8,21.98,medium,low,7,namecheap,,,20/09/2026 02:36
9fe19e30-9d97-4890-b95f-294480204eb4,enters.beauty,available,1.99,17.29,low,low,6,namesilo,,,28/09/2026 17:22
e02de0d4-9be7-477a-abd3-3238713f0983,kenneth.beauty,premium,845,845,high,low,7,namecheap,,,25/09/2026 19:13
626a03b3-5b88-49cd-8182-81ca06b84c0b,burgoyne.beauty,available,1.99,17.29,medium,low,8,namesilo,,,30/09/2026 16:31
f78b053d-313e-4d46-8d3c-36739c311691,paroxysmal.beauty,available,1.8,21.98,medium,low,10,namecheap,,,08/09/2026 01:54
f6d27ce2-e481-4161-b4e0-48e02580deac,dumbbell.beauty,available,1.99,17.29,high,low,8,namesilo,,,24/09/2026 06:44
032cfa36-9438-41a9-bc72-ecb9db29dd73,adsorption.beauty,available,1.8,21.98,medium,low,10,namecheap,,,17/09/2026 10:05
71923f0a-4810-401c-8af0-e6ee354a776a,bjs.beauty,available,1.8,21.98,medium,low,3,namecheap,,,23/09/2026 23:25
e15f0a62-de8f-49ba-b932-0190ea7437a2,fascism.beauty,available,1.24,13.97,medium,low,7,spaceship,,,30/09/2026 01:35
e923d904-0fad-48b6-a143-1f1c1a1ac945,given.beauty,available,1.99,17.29,high,low,5,namesilo,,,24/09/2026 22:16
c0d584cc-2e22-49e6-946d-e9367e075113,moorish.beauty,available,1.8,19.98,high,low,7,namecheap,,,25/08/2026 05:59
6eec7e0d-2375-4d48-b356-2a2642b02301,blaster.beauty,available,1.99,17.29,high,low,7,namesilo,,,24/09/2026 04:22
ebe348eb-957a-4390-a936-dd49663a529f,proportion.beauty,available,1.99,17.29,high,low,10,namesilo,,,30/09/2026 07:43
66e91e79-fbc0-45fd-915b-9a4145696bde,bellying.beauty,available,1.8,19.98,low,low,8,namecheap,,,09/08/2026 13:37
4184c5be-06f0-41e1-87d6-c5de3137a59c,epidermic.beauty,available,1.99,20.99,medium,low,9,name.com,,,13/08/2026 13:09
c2381236-aa9a-41fe-9203-ffd050e1fc9c,rig.beauty,available,1.99,17.29,high,low,3,namesilo,,,20/09/2026 11:18
4abbe204-cb6c-414e-9d3c-8387d2c37634,indication.beauty,available,1.99,17.29,high,low,10,namesilo,,,24/09/2026 21:52
1658b7fd-6aa0-461a-9b16-f4e5012f91cc,illegally.beauty,available,1.8,21.98,medium,low,9,namecheap,,,15/09/2026 01:44
e9475cbc-e7b7-43c9-a1db-5262df49e12a,gustafson.beauty,available,1.24,13.97,medium,low,9,spaceship,,,02/10/2026 00:54
a0e8cf79-36ac-4571-aaee-c51c0e747c5a,perception.beauty,available,1.24,13.97,high,low,10,spaceship,,,28/09/2026 10:42
f6841328-9c71-4797-9035-489b274efb7a,waggish.beauty,available,1.8,21.98,medium,low,7,namecheap,,,13/09/2026 07:38
4962bbd3-e968-4141-a547-10b7baa0bf6f,susurrous.beauty,available,1.8,21.98,medium,low,9,namecheap,,,03/09/2026 11:24
37327dbd-6234-4bf1-9d95-165be6cc51f3,removing.beauty,available,1.8,21.98,high,low,8,namecheap,,,28/09/2026 07:21
bfb2bde8-64c1-4c6d-b760-f78abfc2ea1a,crichton.beauty,available,1.8,21.98,medium,low,8,namecheap,,,30/09/2026 01:11
daa09a66-c9a3-45cd-a18c-4cead249ab16,descriptions.beauty,available,1.8,21.98,medium,low,12,namecheap,,,21/09/2026 07:06
204d2056-c348-4067-bd64-cc1b3a4370b9,wobbling.beauty,available,1.8,21.98,medium,low,8,namecheap,,,13/09/2026 12:52
e8b6265e-ce52-4fed-87d1-b10807f56068,acarus.beauty,available,1.8,21.98,medium,low,6,namecheap,,,16/09/2026 21:38
0c65dfb7-a907-44cf-b64a-3e95d837011d,muffle.beauty,available,1.99,20.99,medium,low,6,name.com,,,13/08/2026 16:49
ffb4843f-b11f-4fb4-a011-a74a30d5b80f,premedical.beauty,available,1.8,21.98,high,medium,10,namecheap,,,09/09/2026 01:40
276de741-9d3a-46f0-9619-38e8abff4a79,sugarless.beauty,available,1.99,17.29,medium,low,9,namesilo,,,19/09/2026 15:11
99e74102-55fb-4f8c-a8f9-c12cfa5b9989,recreated.beauty,available,1.8,21.98,medium,low,10,namecheap,,,09/09/2026 10:49
743a861e-4a79-44e0-880d-51ab55a3369d,bioscope.beauty,available,1.8,21.98,medium,low,8,namecheap,,,23/09/2026 19:01
ef4b2b4a-3b0c-4b32-a64a-17ed81d60738,wolfsbane.beauty,available,1.99,17.29,medium,low,9,namesilo,,,17/09/2026 02:06
e9d2bfab-83e4-429f-bc7b-b5d92300acfa,ignored.beauty,available,1.8,19.98,medium,low,7,namecheap,,,21/08/2026 18:34
2d594427-3047-409e-b8f0-2e12f075ee1f,crinoid.beauty,available,1.8,19.98,medium,low,7,namecheap,,,13/08/2026 06:58
5dc1b302-538e-4c45-8645-6abd9a270950,pubmed.beauty,available,1.65,15.75,high,low,6,namesilo,,,
d9a2e8b9-727b-4173-a07f-8415bb97e044,notifies.beauty,available,1.8,21.98,medium,low,8,namecheap,,,18/09/2026 08:35
8df723e6-d1d0-444f-a5c8-0327553f83d4,hui.beauty,premium,845,845,high,low,3,namecheap,,,27/09/2026 07:46
da82a307-7aa9-4c33-a7a9-f8012c9d7fbb,matrix.beauty,premium,2070.2,2070.2,high,medium,6,spaceship,,,29/09/2026 21:35
5f4589cd-1a75-4d04-b824-282ca687a6ec,zenithal.beauty,available,1.8,21.98,medium,low,8,namecheap,,,13/09/2026 15:12
09aded9a-5367-4465-ae45-3b8e675664b6,phoenix.beauty,premium,832,832,high,medium,7,namesilo,,,24/09/2026 12:16
9bc51c59-9b93-4be3-a230-9b05750ecec9,thousandth.beauty,available,,,high,low,10,,,,
72ef2022-6b40-4d28-a444-3c41c62126fb,cooperstown.beauty,available,1.99,17.29,medium,low,11,namesilo,,,01/10/2026 23:32
44fb7663-49b8-47de-9753-1cbec3064dbf,laptop.beauty,premium,812.5,,high,low,6,name.com,,,30/09/2026 02:07
e6876a5a-3193-4caf-a25e-555abce12b52,stalking.beauty,available,1.8,21.98,medium,low,8,namecheap,,,28/09/2026 20:33
247b23c6-ecfe-49db-bd85-e7f703cd37a9,unusually.beauty,available,1.8,21.98,medium,low,9,namecheap,,,15/09/2026 23:04
ca1c65a1-abac-46b8-abef-6c0839f2902e,codes.beauty,premium,812.5,,high,low,5,name.com,,,
acd22184-639d-44ab-9554-fc8990ceed11,gestural.beauty,available,1.8,19.98,medium,low,8,namecheap,,,18/08/2026 22:57
03055752-d618-435f-80ae-66e5a4a8400f,compulsory.beauty,available,1.8,21.98,high,low,10,namecheap,,,23/09/2026 18:17
f65fe001-1a4a-4491-aaf1-450c0ccfbafe,lenape.beauty,available,1.24,13.97,medium,low,6,spaceship,,,02/10/2026 00:23
18515ef0-d1d9-487e-a809-066754043ece,obdurate.beauty,available,1.8,19.98,medium,low,8,namecheap,,,13/08/2026 12:15
c122ca95-6df0-48be-b330-8bc377760a70,layer.beauty,available,1.54,14.21,high,low,5,porkbun,,,30/09/2026 02:26
f0ec0cb5-0bab-4bed-9079-a26bcc927195,bergamo.beauty,available,1.99,17.29,medium,low,7,namesilo,,,01/10/2026 14:18
50d294b0-0a89-42fd-b407-22d812ddd891,blacksmith.beauty,available,1.99,17.29,high,low,10,namesilo,,,24/09/2026 03:09
4762a16c-4e2e-48d7-ae23-b7bb662844b5,sanely.beauty,available,1.8,21.98,medium,low,6,namecheap,,,16/09/2026 00:33
861d79fd-b8e5-4aac-87f3-0f42ec453e0a,hazy.beauty,available,1.8,19.98,medium,low,4,namecheap,,,10/08/2026 16:22
e11d9fed-98d8-47ff-942f-69855b70d73d,cleaned.beauty,available,1.99,17.29,high,low,7,namesilo,,,27/09/2026 02:45
c2803936-19e3-45ed-949c-5d7a50ab5aa1,aeolia.beauty,available,1.99,17.29,low,low,6,namesilo,,,17/09/2026 12:34
5fb71e74-3a75-4f86-9720-7a2ab55eca1c,melissa.beauty,premium,832,832,high,low,7,namesilo,,,27/09/2026 04:11
f6845b81-5036-44ac-ada4-bec6e25d6e63,calling.beauty,available,1.99,17.29,high,low,7,namesilo,,,24/09/2026 11:48
8ca196d0-b234-4f94-8b8f-b4dc4efa7d75,manhood.beauty,available,1.24,13.97,high,low,7,spaceship,,,29/09/2026 19:12
701e67b4-77b6-48bd-9ef9-2b72d82a7602,somerset.beauty,available,1.8,19.98,high,low,8,namecheap,,,18/08/2026 08:27
d63dac1c-7b7e-4c71-9a04-3a55d8145a60,kindly.beauty,available,1.99,17.29,high,low,6,namesilo,,,24/09/2026 22:41
95d76f22-6d6b-46bc-9b13-d51bd809f55e,auf.beauty,available,1.99,14.45,high,low,3,dynadot,,,30/09/2026 19:17
4a94af0b-61eb-4690-b259-59af40553f7f,equilibria.beauty,available,1.24,13.97,medium,low,10,spaceship,,,30/09/2026 16:06
4caec196-3e37-414b-9ef7-232baa724f31,alexia.beauty,available,1.8,21.98,medium,low,6,namecheap,,,18/09/2026 06:04
c2e40737-634c-4066-94e8-fc28ec31aaa2,ghostlike.beauty,available,1.8,19.98,medium,low,9,namecheap,,,06/08/2026 05:23
20bf9e34-acce-4018-93ca-df7cf6bd0660,bernhardt.beauty,available,1.99,17.29,medium,low,9,namesilo,,,23/09/2026 09:55
0e330de0-3128-4214-9bcc-55074cada27d,greasewood.beauty,available,1.99,17.29,medium,low,10,namesilo,,,24/09/2026 00:46
b209f3ea-31db-419c-b6e5-25b989979725,romanic.beauty,available,1.8,21.98,high,medium,7,namecheap,,,09/09/2026 18:30
cd012ef1-672e-4d0f-bd78-c401374382a2,unflagging.beauty,available,1.8,19.98,high,low,10,namecheap,,,22/08/2026 02:31
f388bd15-77b7-4d36-b658-29c37652d0cd,mettlesome.beauty,available,1.8,19.98,medium,low,10,namecheap,,,24/08/2026 22:10
def82c40-c2f8-40d5-a6a0-13a1e6bbdfd1,herpes.beauty,available,1.99,17.29,high,low,6,namesilo,,,30/09/2026 17:37
5fc995d9-7f1b-4ef8-9e6f-e279d3b5810c,scowling.beauty,available,1.8,19.98,medium,low,8,namecheap,,,09/08/2026 08:33
15c91a8f-dc07-4e7d-9d19-b6488bf3937c,seltzer.beauty,available,1.99,17.29,high,low,7,namesilo,,,24/09/2026 12:47
fff882b5-d8c2-4d47-b650-ff023f20396a,haryana.beauty,available,1.24,13.97,medium,low,7,spaceship,,,30/09/2026 12:51
ffe9d8cd-24a5-4605-bbb1-029c4a04a191,outlines.beauty,available,1.99,17.29,medium,low,8,namesilo,,,02/10/2026 03:08
4dc1ab82-ed0b-4cec-85ff-15249d05dcaf,rachel.beauty,premium,832,832,high,low,6,namesilo,,,25/09/2026 10:13
8eeec1ee-efac-4cd3-80a0-0b3c1b82ceac,federated.beauty,available,1.8,19.98,high,low,9,namecheap,,,18/08/2026 00:38
81f496ab-9554-4cf1-8bc0-5d577ba2e8cf,proclaim.beauty,available,1.8,21.98,high,low,8,namecheap,,,30/09/2026 19:20
9ec87f86-dbc2-49a6-80dd-90347a41a905,pendent.beauty,available,1.8,21.98,medium,low,7,namecheap,,,08/09/2026 14:07
477efe32-8ba7-49a7-9081-94c004a1d686,maximising.beauty,available,1.8,19.98,medium,low,10,namecheap,,,24/08/2026 17:58
8c98f27a-179a-4c08-a23c-f5114a9801a4,sooty.beauty,available,1.8,19.98,medium,low,5,namecheap,,,12/08/2026 13:47
2f0a5afd-239e-4b22-a9f8-d8db6c6819f4,sandalled.beauty,available,1.8,21.98,high,medium,9,namecheap,,,09/09/2026 21:12
82edd176-132a-4fc6-8e38-60df9277a894,compliment.beauty,available,1.99,17.29,high,low,10,namesilo,,,24/09/2026 16:50
d65f63d5-0cea-4949-9db5-409c6358b492,campfire.beauty,available,1.99,17.29,high,low,8,namesilo,,,24/09/2026 11:54
0ae34af8-7352-466c-afa3-16bd6c8e2c13,dire.beauty,available,1.8,19.98,medium,low,4,namecheap,,,14/08/2026 08:44
515af02f-4da3-4911-8e37-a2f26d6c8983,goddamned.beauty,available,1.8,19.98,medium,low,9,namecheap,,,10/08/2026 12:48
7748827d-fa44-4ce6-b9c0-dc187124c263,freshness.beauty,available,1.99,17.29,high,low,9,namesilo,,,24/09/2026 14:06
11c473bf-cf4d-42b5-b421-0ea84b3b01f3,maintained.beauty,available,1.8,21.98,high,low,10,namecheap,,,25/09/2026 12:29
89eaf093-27f1-47d4-8d49-1ab83230e7d2,archery.beauty,available,1.99,17.29,high,low,7,namesilo,,,20/09/2026 02:00
26a3347b-38ad-4333-91d1-02453e17fb5f,marguerite.beauty,available,1.99,17.29,high,low,10,namesilo,,,20/09/2026 04:58
1c289858-1438-4c93-aeb0-6b34b0e1a39a,paintable.beauty,available,1.8,21.98,medium,low,9,namecheap,,,04/09/2026 23:06
845ce6f8-d102-4d3a-af17-78c1dff0166e,sectorial.beauty,available,1.8,21.98,medium,low,9,namecheap,,,10/09/2026 01:22
d5638dce-2eb1-4302-aa70-a40a08074056,babu.beauty,available,1.99,17.29,medium,low,4,namesilo,,,21/09/2026 12:51
5719a091-5055-4ca5-842a-dddd725c0c03,adience.beauty,available,1.8,21.98,medium,low,7,namecheap,,,17/09/2026 08:09
ce960325-3ff5-455c-a0be-5a76ea6f6408,muse.beauty,resell,,,high,medium,4,,,,29/09/2026 13:29
cbcec7e3-f626-48c6-acb9-467951a13086,baleful.beauty,available,1.8,19.98,medium,low,7,namecheap,,,08/08/2026 09:39
51d75a0c-6c8a-4a99-92b0-f44461b949b1,bhutani.beauty,available,1.8,19.98,medium,low,7,namecheap,,,09/08/2026 18:26
92e324a4-2beb-44bc-9d41-88c4573954d4,vibe.beauty,premium,2660,2660,high,medium,4,namesilo,,,29/09/2026 02:29
6e2ae02d-072f-441b-a23c-d91ece8b73cb,carthage.beauty,available,1.99,17.29,medium,low,8,namesilo,,,25/09/2026 04:02
8f794898-bf51-4101-95f1-22cfe1149fba,bilge.beauty,available,1.8,21.98,medium,low,5,namecheap,,,23/09/2026 15:50
7d8ba339-5440-4da8-8ed4-0a5b72cb079a,quoting.beauty,available,1.24,13.97,high,low,7,spaceship,,,29/09/2026 21:25
5aad1aa7-780e-4351-ab76-5cac7c6b241f,metier.beauty,available,1.8,19.98,high,low,6,namecheap,,,18/08/2026 12:29
134b795d-2df4-4ea5-ba5f-bb367a272207,perceptual.beauty,available,1.8,21.98,high,low,10,namecheap,,,08/09/2026 16:15
150e8f29-d4fc-4998-82d0-14e484fd16ff,vinson.beauty,available,1.99,14.45,medium,low,6,dynadot,,,29/09/2026 12:24
bd0f537e-80d6-4617-a0dc-cf40ded395e0,wondered.beauty,available,1.24,13.97,high,low,8,spaceship,,,01/10/2026 17:45
54e5e377-bcb9-4ecd-9ffd-b2db6b43d6ec,fossils.beauty,available,1.54,14.21,medium,low,7,porkbun,,,01/10/2026 17:33
a1acb8ed-429d-4382-a75f-fad46ee9d317,speer.beauty,available,1.99,17.29,high,low,5,namesilo,,,18/09/2026 02:44
7c551c5b-e1d1-412d-b621-a5302d75ef68,appetizer.beauty,available,1.8,21.98,high,low,9,namecheap,,,19/09/2026 20:45
c9f1960a-e640-4457-acec-f62a7fe037a4,dewy.beauty,available,1.8,19.98,high,low,4,namecheap,,,09/08/2026 06:51
a1111dbf-57b9-431a-905b-16794e4a83b4,daytona.beauty,available,1.99,17.29,high,low,7,namesilo,,,28/09/2026 04:21
a52b4e4a-a67b-4503-8228-6e4fd2ef7679,onomastic.beauty,available,1.8,21.98,medium,low,9,namecheap,,,04/09/2026 15:15
d8c96ff4-7efc-4b17-be16-585671ac2391,fairs.beauty,available,1.65,15.75,high,low,5,namesilo,,,
23de7529-8fcb-4034-a45c-07b971416563,multilingual.beauty,available,1.24,13.97,high,low,12,spaceship,,,29/09/2026 20:52
b7f8ac5c-dfe1-4af6-9e71-337784b99183,ssl.beauty,available,1.99,17.29,high,low,3,namesilo,,,01/10/2026 23:47
f89da20d-637e-4c8f-b883-0739d42c8f78,shenandoah.beauty,available,1.54,14.21,medium,low,10,porkbun,,,27/09/2026 21:14
a2e7fb62-dc35-42b0-b5fb-ebfdcd214e3e,hooks.beauty,available,1.24,13.97,medium,low,5,spaceship,,,28/09/2026 10:05
b6b072e5-2aa0-4f71-94c6-593d02fdf6cd,dorothea.beauty,available,1.8,21.98,medium,low,8,namecheap,,,28/09/2026 07:54
22ab34a8-9ce0-4209-a685-1aeeea31ea7d,foursquare.beauty,available,1.8,19.98,high,low,10,namecheap,,,18/08/2026 13:48
770b1532-b982-4ef0-a0a5-40e9fd3641e1,warburg.beauty,available,1.8,21.98,medium,low,7,namecheap,,,16/09/2026 19:40
b33acc95-8503-4847-aa66-db5bf19ad536,amateurs.beauty,available,1.24,13.97,medium,low,8,spaceship,,,29/09/2026 00:10
f2f75bcb-e169-4625-8bcf-e5c839ef77e0,inexplicit.beauty,available,1.8,19.98,medium,low,10,namecheap,,,21/08/2026 22:39
e28c9116-4322-4a79-9b45-06965c10fa71,quiz.beauty,premium,832,832,high,low,4,namesilo,,,02/10/2026 00:22
c5f6001d-18f2-45bd-a6e0-9f6ab13eff8a,llc.beauty,premium,2660,2660,high,low,3,namesilo,,,25/09/2026 11:14
964ffb3a-657e-4938-af9f-a8acf4236f27,geodetic.beauty,available,1.8,19.98,medium,low,8,namecheap,,,18/08/2026 22:21
f50384c0-dd9a-4877-ac6a-cfe054d12a6e,freetown.beauty,available,1.99,17.29,high,low,8,namesilo,,,24/09/2026 12:22
c6507bef-e596-4397-b902-47e8910b8dc5,weeklong.beauty,available,1.8,21.98,medium,low,8,namecheap,,,10/09/2026 05:01
ac2ad7a4-74c6-49ab-b669-a05f543b2cb2,vocabulary.beauty,available,1.99,17.29,high,low,10,namesilo,,,28/09/2026 14:42
8d41e96f-c61a-411b-a90f-2427f98bade4,frenetic.beauty,available,1.8,19.98,medium,low,8,namecheap,,,18/08/2026 14:17
bcb96898-4c20-45cb-95ca-f852da1bf3b8,ventilation.beauty,available,1.99,14.45,high,low,11,dynadot,,,29/09/2026 04:52
9c52ab3b-cdc9-40c0-9524-296bbf7afee2,jaunty.beauty,available,1.8,19.98,high,low,6,namecheap,,,12/08/2026 06:01
992b0fb6-0bc2-4440-a1f0-375f3fa1b1f0,pinched.beauty,available,1.8,19.98,high,low,7,namecheap,,,10/08/2026 18:58
5034f21b-dd10-4d62-991f-cd26601d33fc,ingraham.beauty,available,1.24,13.97,medium,low,8,spaceship,,,01/10/2026 17:00
04a5077e-f7bb-48e2-a603-937dada2938b,circumstance.beauty,available,1.99,14.45,high,low,12,dynadot,,,29/09/2026 08:31
302691a6-769b-45c1-bd1a-def490af7527,reflective.beauty,available,1.8,19.98,high,low,10,namecheap,,,11/08/2026 06:03
c25aabe1-daf2-425a-a436-189e2e191960,obese.beauty,available,1.99,17.29,medium,low,5,namesilo,,,23/09/2026 23:32
bb96f0d6-f453-4cc2-a38a-3602526d1ce2,moreno.beauty,premium,832,832,medium,low,6,namesilo,,,27/09/2026 10:16
db3c69e2-5f80-49db-9f91-da9c4cd7979c,gadolinium.beauty,available,1.99,17.29,medium,low,10,namesilo,,,20/09/2026 23:27
d5d9a4db-20dd-4ac8-a4bc-90da7ab7ddc6,mango.beauty,premium,2070.2,2070.2,high,high,5,spaceship,,,29/09/2026 19:37
d44a9f0a-67ae-4167-bee9-41cdbd079c95,revolving.beauty,available,1.24,13.97,high,low,9,spaceship,,,29/09/2026 14:43
15d39fe0-7c50-4ba8-9884-5c72bd0b2477,gland.beauty,available,1.99,17.29,medium,low,5,namesilo,,,29/09/2026 07:05
c7ea3f59-b3aa-4a50-a30c-0278675d5ed4,ormond.beauty,available,1.24,13.97,medium,low,6,spaceship,,,29/09/2026 15:48
a3107ebf-55d2-4134-bc1f-03c32ced9208,fucked.beauty,available,1.24,13.97,medium,low,6,spaceship,,,29/09/2026 21:06
f48a11cb-31c9-46ac-8e4c-04c9e221b533,snarly.beauty,available,1.8,21.98,high,medium,6,namecheap,,,10/09/2026 12:20
7cd026b3-94db-412f-8102-edfe7e494e69,reentrant.beauty,available,1.8,21.98,medium,low,10,namecheap,,,09/09/2026 10:51
0b07e913-48fd-44b9-bc26-4cd350812b25,documents.beauty,available,1.65,15.75,high,low,9,namesilo,,,
9f29b4a1-105c-4c7c-b03a-54f535ada363,frowning.beauty,available,1.8,19.98,medium,low,8,namecheap,,,18/08/2026 16:40
bf02f65d-e3f3-49c6-8dc7-513371d502c8,guillaume.beauty,available,1.24,13.97,medium,low,9,spaceship,,,28/09/2026 04:52
5f859f93-5b23-4441-89ee-ab78382703b1,namely.beauty,available,1.24,13.97,medium,low,6,spaceship,,,28/09/2026 16:21
0fdad012-aa0c-4093-9076-d0ce4a2f87ab,geological.beauty,available,1.8,19.98,high,low,10,namecheap,,,18/08/2026 22:28
0637f858-0e2d-4587-8098-b5bfc7dc7f35,boyce.beauty,available,1.99,14.45,medium,low,5,dynadot,,,28/09/2026 11:42
7f2c5c1c-ee76-40f5-896f-cd7eef4d6cc7,piping.beauty,available,1.8,21.98,medium,low,6,namecheap,,,10/09/2026 19:43
220ae662-b08a-4460-82e0-71de2dd0936c,topped.beauty,available,1.8,21.98,medium,low,6,namecheap,,,11/09/2026 17:53
04c9985d-7aae-41ae-bff7-4584d5227249,imply.beauty,available,1.24,13.97,high,low,5,spaceship,,,29/09/2026 00:48
ac715a3d-7272-4dc8-94aa-6f02e9686642,vintage.beauty,resell,,,high,low,7,,,,28/09/2026 20:39
ecb9db97-dc80-478a-88cc-9550d3423589,vehement.beauty,available,1.8,21.98,medium,low,8,namecheap,,,11/09/2026 09:44
3c2d7b4a-af0c-4cc8-9b60-dce28f8092b4,childless.beauty,available,1.8,19.98,medium,low,9,namecheap,,,12/08/2026 05:10
74d50237-3a52-4c96-9178-fc830fe1ed8c,masturbation.beauty,available,1.99,17.29,medium,low,12,namesilo,,,30/09/2026 14:21
142ec6dd-bca7-4dc2-9c91-6cdfa4f6ae92,tougher.beauty,available,1.24,13.97,medium,low,7,spaceship,,,29/09/2026 11:36
d9f6d3a5-8baa-492a-8142-539e8766a4b4,unimpeded.beauty,available,1.8,21.98,medium,low,9,namecheap,,,12/09/2026 13:10
4197eb7b-332d-4308-8f0b-bb0338c64a51,disposed.beauty,available,1.24,13.97,high,low,8,spaceship,,,01/10/2026 17:48
ad99aa4b-5205-49c2-8b68-1be313447558,deductible.beauty,available,1.8,19.98,medium,low,10,namecheap,,,13/08/2026 22:27
5d0ea3cb-8835-4c5d-8253-8ef49ffedc6e,artistry.beauty,available,1.24,13.97,high,medium,8,spaceship,,,28/09/2026 08:07
611e9774-7776-45e9-aa97-1eadcb07bbaf,regent.beauty,available,1.8,21.98,high,medium,6,namecheap,,,09/09/2026 12:52
5b5c68ba-a44e-4b3e-b285-e6c74d32ffb6,jihadi.beauty,available,1.8,19.98,medium,low,6,namecheap,,,22/08/2026 13:21
e137e3be-5318-4868-a927-a4561e6e0323,maguire.beauty,available,1.24,13.97,high,low,7,spaceship,,,28/09/2026 04:17
0efc139b-1d37-4f92-bc3f-63c1954dab9b,colonized.beauty,available,1.8,19.98,medium,low,9,namecheap,,,12/08/2026 17:23
7f7ff8cc-f168-4b0b-a91c-b03c87cacb19,cycles.beauty,available,1.8,21.98,medium,low,6,namecheap,,,20/09/2026 09:25
89568087-ba03-4a7d-b71c-18f21f80b994,lethal.beauty,available,1.8,19.98,high,low,6,namecheap,,,23/08/2026 00:26
c16964af-f4d8-4f5e-89b5-163155938ff1,sulfur.beauty,available,1.99,17.29,high,low,6,namesilo,,,20/09/2026 22:28
d198632e-cbe0-4db9-aff6-d70c3fb5c226,generosity.beauty,available,1.24,13.97,high,low,10,spaceship,,,29/09/2026 01:04
6fec8108-609a-49c5-8117-e13c0d959287,miniature.beauty,available,1.8,19.98,high,low,9,namecheap,,,24/08/2026 23:48
8db11dec-086a-4a0e-8eea-8aadbd55e241,jailed.beauty,available,1.99,17.29,medium,low,6,namesilo,,,19/09/2026 04:16
668baec9-808b-449f-8885-67f7613ca2f5,redoubled.beauty,available,1.8,21.98,high,medium,9,namecheap,,,09/09/2026 12:22
16560520-1525-4d7f-8b68-292677904693,stimulating.beauty,available,1.24,13.97,medium,low,11,spaceship,,,28/09/2026 21:23
6634d205-e037-4b0e-a50d-7797dd3f5187,sopping.beauty,available,1.8,21.98,medium,low,7,namecheap,,,14/09/2026 14:30
4b5a43dd-50a3-4c6a-bb74-a324e4ed8aea,jogging.beauty,available,1.24,13.97,high,low,7,spaceship,,,30/09/2026 02:05
1125d45e-fd07-433f-8e63-89d662a59e88,turkmen.beauty,available,1.8,21.98,medium,low,7,namecheap,,,11/09/2026 21:19
41820438-058e-4f94-909d-6f2efa9fefe6,frustration.beauty,available,1.24,13.97,medium,low,11,spaceship,,,28/09/2026 17:13
22be53c8-ddbc-42e3-a619-ededf3c757df,righteous.beauty,available,1.8,21.98,high,low,9,namecheap,,,27/09/2026 15:12
3aa0b3a2-43cd-4b57-907f-c28d4b5c985c,unsightly.beauty,available,1.8,21.98,medium,low,9,namecheap,,,12/09/2026 19:53
34649246-001c-47f5-8a15-53f273d5bf1f,czechoslovakia.beauty,available,1.65,15.75,medium,low,14,namesilo,,,
250d325e-e649-4eb2-bea2-e618c7355980,squawk.beauty,available,1.8,21.98,high,low,6,namecheap,,,23/09/2026 00:25
ed06ce3a-a0c8-4ba7-bdf8-d4316032df04,daunting.beauty,available,1.99,20.99,medium,low,8,name.com,,,13/08/2026 18:48
9dda75f4-8e30-4b74-9b9f-48153401de0e,synchronized.beauty,available,1.8,21.98,high,low,12,namecheap,,,29/09/2026 21:20
b329c419-bbea-4c1e-8360-daaba32ac5b8,sunglass.beauty,available,1.99,17.29,high,low,8,namesilo,,,30/09/2026 12:22
2d5c3813-25f2-4ce6-8e3b-db3f6d497246,attempting.beauty,available,1.99,17.29,medium,low,10,namesilo,,,28/09/2026 12:29
9fd49807-2f37-426d-8bf4-551f9d29a11e,ticonderoga.beauty,available,1.99,17.29,medium,low,11,namesilo,,,30/09/2026 22:22
5b6de2d9-086e-487e-9e63-2cc04837389a,uncharged.beauty,available,1.8,21.98,medium,low,9,namecheap,,,12/09/2026 05:06
e7fbc97a-25fc-43a5-8beb-3eca4a80e011,tomb.beauty,available,1.99,17.29,medium,low,4,namesilo,,,27/09/2026 16:05
fdf082fd-36fa-4ed6-80c9-d9b6e31fdee6,judgmental.beauty,available,1.8,19.98,medium,low,10,namecheap,,,22/08/2026 14:10
c4b494b6-c93d-43f0-972d-9a50f66c5b68,olives.beauty,available,1.99,17.29,medium,low,6,namesilo,,,20/09/2026 04:34
dd1db59f-9f15-46d5-aa41-4f21b03fba51,deviation.beauty,available,1.24,13.97,high,low,9,spaceship,,,30/09/2026 09:21
5f2553f6-3252-4296-acbe-77ab8223c474,hominid.beauty,available,1.8,19.98,medium,low,7,namecheap,,,21/08/2026 12:39
c1fd8790-4a04-4929-b318-359dff7c4a3b,fledgeling.beauty,available,1.8,19.98,medium,low,10,namecheap,,,18/08/2026 07:32
28b9e865-630e-4da7-b35e-09400c88d447,abridger.beauty,available,1.99,17.29,medium,low,8,namesilo,,,16/09/2026 14:35
9d4b1f6a-a1e4-4e6a-921e-2bf6b6d24b12,diagnose.beauty,available,1.24,13.97,high,low,8,spaceship,,,30/09/2026 19:11
cee1cfe4-325a-4079-8192-df364eac6b38,err.beauty,available,1.24,13.97,high,low,3,spaceship,,,30/09/2026 19:13
6bb18aa2-b782-4227-8674-d5f7e06c9538,sheep.beauty,premium,832,832,high,low,5,namesilo,,,25/09/2026 10:41
18f27529-6d30-4435-84b8-0fd10a9f24c9,daniela.beauty,available,1.8,21.98,medium,low,7,namecheap,,,02/10/2026 01:34
429ada9e-bf53-46e1-906e-e7a5b01e9a2d,pyogenic.beauty,available,1.8,21.98,high,medium,8,namecheap,,,09/09/2026 06:54
00f1df7d-f162-4970-9da3-72191db9ca15,choc.beauty,available,1.99,17.29,high,low,4,namesilo,,,29/09/2026 08:48
42892219-da69-430b-b875-fb4c74c56265,goods.beauty,resell,,,high,low,5,"Spaceship, Inc.",19/08/2023 02:59,19/08/2027 23:59,26/09/2026 06:26
e82c6ab2-fc89-4dc2-9837-ba169db0fc7b,robberies.beauty,available,1.99,17.29,low,low,9,namesilo,,,30/09/2026 07:24
bbff14a6-005f-4270-9d6b-2c22ec864449,privileged.beauty,available,1.99,17.29,high,low,10,namesilo,,,27/09/2026 06:20
66a8fa2b-fc56-42c7-98da-3d2ad71a37ba,rodney.beauty,available,1.24,13.97,high,low,6,spaceship,,,28/09/2026 03:52
95deada4-56e2-4125-a62c-f745fbf5c6d7,distributions.beauty,available,1.99,17.29,medium,low,13,namesilo,,,25/09/2026 21:52
b3522a0b-eea2-4916-bbaa-b5798d709197,alphavirus.beauty,available,1.99,17.29,medium,low,10,namesilo,,,18/09/2026 13:47
1fcd48aa-ae7f-4430-8b59-36f4dcffa939,uracil.beauty,available,1.8,21.98,medium,low,6,namecheap,,,11/09/2026 22:36
2fa0df21-7629-4678-a2a6-76ea87257917,disapproval.beauty,available,1.65,15.75,medium,low,11,namesilo,,,
57ae52cd-a930-4a0f-a5f2-4140f55900d9,vincent.beauty,premium,832,832,high,low,7,namesilo,,,25/09/2026 11:54
c7a83fe8-2eb8-4828-8be8-ed5877aef37d,occurring.beauty,available,1.24,13.97,high,low,9,spaceship,,,01/10/2026 19:44
7236d52d-d9a0-47a4-a492-718d1c3eaebc,acerbic.beauty,available,1.65,15.75,medium,low,7,namesilo,,,
4d7dddb3-48bc-4849-86aa-79dcfd8af6f4,cherbourg.beauty,available,1.24,13.97,medium,low,9,spaceship,,,30/09/2026 09:08
616164e6-f738-49ba-b9fe-82feee723d52,subdue.beauty,available,1.8,21.98,high,low,6,namecheap,,,11/09/2026 07:44
6d732367-ec5c-4864-9b2e-f09bbfb7d682,salah.beauty,available,1.24,13.97,high,low,5,spaceship,,,30/09/2026 18:35
62e33491-d4f6-4cdc-8607-c116c90af378,derriere.beauty,available,1.8,19.98,low,low,8,namecheap,,,09/08/2026 11:55
c3b1dca2-5cb8-4fc7-8ca2-be7da1b31142,dictionary.beauty,available,1.8,21.98,high,low,10,namecheap,,,24/09/2026 22:14
2e3ff508-827b-444e-b8e1-fd6df999ccfc,mazda.beauty,premium,2600,2600,high,low,5,namecheap,,,28/09/2026 16:04
4624b52a-8c9e-40eb-b8ab-170e0a32d225,dizzily.beauty,available,1.8,21.98,medium,low,7,namecheap,,,14/09/2026 13:29
44cccafb-996d-4c39-8164-f84f669b3f8b,grimy.beauty,available,1.8,19.98,medium,low,5,namecheap,,,09/08/2026 09:25
f1b19bc1-0e06-469d-96ee-49c829d0f812,shunning.beauty,available,1.99,17.29,medium,low,8,namesilo,,,21/09/2026 09:50
d3e7ac15-95d2-4175-880a-27047d86d02e,widely.beauty,available,1.99,14.45,medium,low,6,dynadot,,,28/09/2026 16:47
9c9b21fd-9948-4d58-859c-a3e85408c046,wavering.beauty,available,1.8,21.98,medium,low,8,namecheap,,,13/09/2026 00:41
92fec114-6246-4f5f-9054-8f829365e9e5,extramural.beauty,available,1.8,19.98,medium,low,10,namecheap,,,17/08/2026 19:18
636a4039-cd07-4c89-9150-2aa569aa2c4e,summon.beauty,available,1.54,14.21,high,low,6,porkbun,,,29/09/2026 01:42
d86dd358-9de5-4e2e-b303-6251d28d1095,prole.beauty,available,1.8,21.98,medium,low,5,namecheap,,,09/09/2026 03:01
9462eb09-caf0-48c3-ba3c-a4e42a0d42a0,hoy.beauty,available,1.8,21.98,high,low,3,namecheap,,,22/09/2026 05:42
4f582a22-dd23-443a-8c77-78ec686c8361,vilna.beauty,available,1.24,13.97,medium,low,5,spaceship,,,01/10/2026 18:52
2179155e-2056-447e-a8dd-ef78c7e21cd0,rivals.beauty,available,1.99,20.99,medium,low,6,name.com,,,20/09/2026 05:05
95fcec83-7ee6-4d2a-8b00-c5e49af49635,smuggling.beauty,available,1.99,17.29,medium,low,9,namesilo,,,28/09/2026 15:22
b3a40f13-5e99-4dbe-ae73-ccff8d27728c,twice.beauty,available,1.99,17.29,medium,low,5,namesilo,,,28/09/2026 14:37
1f02c0c6-9067-4f1f-8e7a-7d8f584945d6,biol.beauty,available,1.99,17.29,high,low,4,namesilo,,,29/09/2026 16:48
84cad0a2-a53e-46fa-96f2-a5148387c7f3,mentorship.beauty,available,1.54,14.21,high,low,10,porkbun,,,02/10/2026 02:09
6ee0909e-837a-4e95-9852-f0a80ddd4f15,spectra.beauty,resell,,,high,low,7,Dynadot Inc,20/08/2026 08:24,20/08/2027 23:59,26/09/2026 09:12
1c71887d-870c-4106-a511-2151a459ec36,contradiction.beauty,available,1.54,14.21,medium,low,13,porkbun,,,29/09/2026 15:55
39133f7a-cb52-40b9-9e60-4702583fac02,gymnastics.beauty,available,1.99,17.29,high,low,10,namesilo,,,29/09/2026 01:12
55e5bbb6-8640-49f1-82f4-2cd9b4f7fc51,dowdy.beauty,available,1.8,19.98,medium,low,5,namecheap,,,14/08/2026 17:09
320b458c-5e49-4c3a-9e2c-5421d8b7278c,favors.beauty,available,1.99,17.29,high,low,6,namesilo,,,18/09/2026 09:42
88c5291c-bcde-462d-aac8-45835d891da9,jonson.beauty,available,1.99,17.29,medium,low,6,namesilo,,,23/09/2026 07:26
c6513bd2-d1f1-4dc3-92d7-7556e535f11d,silvan.beauty,available,1.99,17.29,medium,low,6,namesilo,,,19/09/2026 11:29
e7ad3a0b-c364-4ed6-9cd9-9c4598676b88,amino.beauty,available,1.8,19.98,high,low,5,namecheap,,,
b07953a7-f908-43ff-9862-75194540877a,angevin.beauty,available,1.99,17.29,medium,low,7,namesilo,,,19/09/2026 06:06
f3893271-3940-4e6a-ab27-877d92fec5a8,stumbling.beauty,available,1.99,17.29,medium,low,9,namesilo,,,30/09/2026 19:50
64f75b56-abcb-40e3-9b7c-e77ed340019d,tang.beauty,premium,832,832,high,low,4,namesilo,,,24/09/2026 01:32
ac9485fe-5263-43a8-a8f7-140c6b6e542c,fellows.beauty,available,1.99,17.29,medium,low,7,namesilo,,,25/09/2026 13:03
a44d019d-fe59-4382-a8e0-4f3120e4ba7d,charmingly.beauty,available,1.8,21.98,medium,low,10,namecheap,,,14/09/2026 06:21
41bb9d02-333b-4b22-b3ea-262d18fa3706,errorless.beauty,available,1.8,19.98,high,low,9,namecheap,,,17/08/2026 13:01
6d1ea94c-3d12-4122-8940-778f8df8d35b,whoreson.beauty,available,1.8,19.98,low,low,8,namecheap,,,08/08/2026 23:43
033329f4-9cba-4a8e-b151-b4bcd5250439,involved.beauty,available,1.8,21.98,high,low,8,namecheap,,,25/09/2026 11:16
f7599717-c829-4e58-b621-f3af9866a9e1,feast.beauty,available,1.99,17.29,high,low,5,namesilo,,,22/09/2026 03:01
17389165-dd31-4e21-8deb-9b392b13bc0f,recess.beauty,available,1.24,13.97,medium,low,6,spaceship,,,28/09/2026 13:53
726ee40c-4b00-45d8-8991-f32cca0d24c2,conveyed.beauty,available,1.8,21.98,medium,low,8,namecheap,,,02/10/2026 01:56
265f3a26-737d-419d-a98f-34cf20b81c12,twinned.beauty,available,1.8,19.98,high,low,7,namecheap,,,24/08/2026 16:58
74d4e688-8db2-4a6a-a3db-f31e165ad283,relatives.beauty,available,1.99,17.29,medium,low,9,namesilo,,,27/09/2026 10:25
210c082b-b08a-4624-ba01-4434cc3a21ed,rejoicing.beauty,available,1.8,19.98,high,low,9,namecheap,,,17/08/2026 19:50
132dc233-4f4f-4a34-82b7-e4b63beb7ce3,brimming.beauty,available,1.8,19.98,medium,low,8,namecheap,,,11/08/2026 04:12
0b3d5ea1-bf17-42d4-89ce-4d24d9198061,ark.beauty,resell,,,high,medium,3,"Spaceship, Inc.",05/03/2021 14:38,05/03/2027 23:59,26/09/2026 04:00
c3fd4547-9e17-4f5f-860f-867aed0e2834,factions.beauty,available,1.99,25.99,medium,low,8,godaddy,,,01/10/2026 00:34
d2cc83d6-53b0-4ec6-ae93-b91306b6299c,strength.beauty,premium,832,832,high,low,8,namesilo,,,19/09/2026 17:18
021d6597-9133-4bf1-a837-6db5c48b181c,sal.beauty,available,1.24,13.97,high,low,3,spaceship,,,28/09/2026 03:21
f309b8f8-2f1b-475e-b17a-01feb0fae3cd,denison.beauty,available,1.99,17.29,medium,low,7,namesilo,,,28/09/2026 08:06
6c5d3bb6-b8c1-4839-9c5c-c23b82714622,quarantine.beauty,available,1.54,14.21,medium,low,10,porkbun,,,28/09/2026 15:10
63f82de2-2cbf-4637-bac5-4bd428da51bb,dimly.beauty,available,1.8,21.98,medium,low,5,namecheap,,,14/09/2026 12:45
73b679ea-f54f-443f-9ff4-543b395b0880,yell.beauty,available,1.24,13.97,medium,low,4,spaceship,,,29/09/2026 12:21
02bcc543-1eef-4bda-86a4-5e9884b7f139,vicinity.beauty,available,1.24,13.97,high,low,8,spaceship,,,28/09/2026 19:41
895e35d1-2e00-4e88-8ad0-4976501f6ba4,dickensian.beauty,available,1.8,19.98,medium,low,10,namecheap,,,14/08/2026 06:25
df130fba-b05e-409b-9e64-02aae6816430,uncoiled.beauty,available,1.8,21.98,medium,low,8,namecheap,,,12/09/2026 05:44
f63bf2a0-2ddc-45d9-a37c-a30486112963,think.beauty,premium,2660,2660,high,medium,5,namesilo,,,19/09/2026 06:38
e1d8cab4-f019-4e8f-b2a2-e5ea2b5e5627,disposition.beauty,available,1.99,14.45,high,low,11,dynadot,,,29/09/2026 02:57
b1b80971-e621-4caa-b22c-e3148d30f79e,aquino.beauty,available,1.24,13.97,medium,low,6,spaceship,,,28/09/2026 22:09
b9a2b7f2-a9c0-4eda-8e04-8214b81b0cf9,neo.beauty,resell,,,high,medium,3,"Spaceship, Inc.",17/05/2024 16:12,17/05/2027 23:59,26/09/2026 07:44
2860afc4-d65f-4c4c-b888-7a33c9581764,toxicity.beauty,available,1.99,14.45,high,low,8,dynadot,,,30/09/2026 18:20
fcb7f947-2749-401c-a9b5-e1e7f9a21df8,nodes.beauty,available,1.8,21.98,medium,low,5,namecheap,,,01/10/2026 18:29
a03ecbf4-889c-47e2-b72b-6541ab3ecea4,habitable.beauty,available,1.8,19.98,high,low,9,namecheap,,,20/08/2026 21:25
d1ce86c3-af8e-4e97-b1f7-58be63e1d767,sings.beauty,available,1.24,13.97,medium,low,5,spaceship,,,27/09/2026 23:41
edd88c9f-89a1-47af-9fb7-0b5e87e1c606,inspiring.beauty,available,1.99,17.29,high,low,9,namesilo,,,25/09/2026 09:50
a46595ce-82a8-4be0-9159-ba20cfd1a1be,horrid.beauty,available,1.8,19.98,medium,low,6,namecheap,,,21/08/2026 08:14
1f2f1576-37f5-4501-8952-bcaae03e45ba,blatant.beauty,available,1.8,19.98,medium,low,7,namecheap,,,10/08/2026 13:31
d4b4cbfc-07b5-435a-99f2-2493d834dd29,chiliad.beauty,available,1.65,15.75,high,low,7,namesilo,,,
cca1537a-9d1d-4a26-a067-70cb683ecf55,cathectic.beauty,available,1.8,19.98,medium,low,9,namecheap,,,11/08/2026 21:45
5aeaf2c6-c08f-4945-8101-974b91fd7100,slimly.beauty,available,1.8,21.98,medium,low,6,namecheap,,,16/09/2026 02:34
de099f92-18b9-4a13-9a25-ed5d4cbdda80,antiserum.beauty,available,1.99,17.29,medium,low,9,namesilo,,,19/09/2026 15:05
52d93bec-ba80-42c9-84b4-c3f16d637715,rhodesian.beauty,available,1.8,21.98,high,low,9,namecheap,,,09/09/2026 16:41
1606db35-5247-4b82-b857-746229502717,buren.beauty,available,1.8,21.98,medium,low,5,namecheap,,,27/09/2026 20:26
4f15c6a7-24fd-44f8-aa7a-cfbcef55ece1,martinsville.beauty,available,1.99,17.29,medium,low,12,namesilo,,,30/09/2026 05:38
f21ca43f-d6ac-4323-a398-b0e5ec5c1e7a,bigger.beauty,available,1.99,14.45,high,low,6,dynadot,,,29/09/2026 20:37
7bd7ed5c-5c3b-4007-874d-91257b39556e,shares.beauty,available,1.65,15.75,high,low,6,namesilo,,,
8403e62d-decf-4ada-9a17-888fe5805900,truncated.beauty,available,1.8,21.98,medium,low,9,namecheap,,,11/09/2026 20:42
252f2de5-3104-491f-8917-3ddf245d34f4,spreads.beauty,available,1.8,21.98,medium,low,7,namecheap,,,29/09/2026 11:29
a02bc073-f3d1-46c4-a304-0bed24ed6bdb,anymore.beauty,available,1.24,13.97,medium,low,7,spaceship,,,28/09/2026 12:15
6a188129-e214-4463-b88f-8875ae5fa601,katrina.beauty,available,1.24,13.97,high,low,7,spaceship,,,29/09/2026 09:26
2860c096-d537-47a0-adb7-badefdb5de61,jesus.beauty,resell,,,high,medium,5,Dynadot Inc,08/02/2026 11:13,08/02/2027 23:59,29/09/2026 09:01
52effac4-19d8-4bf3-a9ff-732c5e642f43,jesse.beauty,premium,832,832,high,low,5,namesilo,,,25/09/2026 12:07
fbba67ae-e2f1-4d3a-ac16-0eb5998554ea,poets.beauty,available,1.24,13.97,medium,low,5,spaceship,,,28/09/2026 22:26
21bd99ad-04fa-4f4e-a62a-6d10cc254a1e,landlady.beauty,available,1.24,13.97,high,low,8,spaceship,,,02/10/2026 05:34
02ee2282-4f21-41d8-b358-9259d8991d2b,evan.beauty,premium,832,832,high,low,5,namesilo,,,25/09/2026 13:11
d0b2deb4-cae3-413d-b0c3-a47071b7dab2,hoydenish.beauty,available,1.8,19.98,low,low,9,namecheap,,,21/08/2026 14:29
faa9e6d1-0f65-4c4c-af43-88732facedc6,rickety.beauty,available,1.99,20.99,medium,low,7,name.com,,,13/08/2026 20:34
6c26aa73-1faa-4d54-8503-85a56da94a80,allah.beauty,resell,,,high,low,5,Dynadot Inc,03/09/2026 20:59,03/09/2027 23:59,26/09/2026 03:47
8953494a-d599-4828-bb60-92bb14b7dedb,frederic.beauty,available,1.99,17.29,high,low,8,namesilo,,,25/09/2026 15:15
cfd8cce1-83a0-4d4e-bfd6-252edf876685,barcarole.beauty,available,1.8,21.98,medium,low,9,namecheap,,,22/09/2026 05:06
534afbd1-6792-4111-bb56-2ef8f64db821,stoical.beauty,available,1.8,21.98,medium,low,7,namecheap,,,10/09/2026 20:59
2ec617e4-431f-46c6-b900-75aa577a103b,absolutely.beauty,available,1.99,17.29,high,low,10,namesilo,,,28/09/2026 11:36
6b1066bc-533f-4dcd-b01d-732b946c3066,ambiance.beauty,available,1.99,17.29,high,low,8,namesilo,,,18/09/2026 16:40
5890d472-ec49-4b95-800f-a8d6a5c973d8,debra.beauty,premium,672.95,672.95,medium,low,5,spaceship,,,28/09/2026 16:29
05835381-ba9d-4206-a936-e64870b8a434,tzarist.beauty,available,1.99,20.99,medium,low,7,name.com,,,13/08/2026 14:59
c8b2913c-7c78-4d23-acb1-38685e760037,dani.beauty,available,1.99,14.45,high,low,4,dynadot,,,29/09/2026 15:20
295dc971-b991-4f5d-9c2e-4574ed1a27ec,tenure.beauty,available,1.24,13.97,high,low,6,spaceship,,,29/09/2026 19:18
3ee6249c-e757-4fc1-8fff-c0fdf7fec28b,efl.beauty,available,1.99,17.29,high,low,3,namesilo,,,29/09/2026 09:34
f62a8932-de13-4d9a-a1de-32f92cd9ce10,wintery.beauty,available,1.8,21.98,medium,low,7,namecheap,,,13/09/2026 12:39
648ad4dc-d9c2-4ed2-a609-8378469b1a88,aspinwall.beauty,available,1.8,21.98,medium,low,9,namecheap,,,20/09/2026 15:18
ace07d9f-328b-44b6-a688-1840a452e8b3,mandatory.beauty,available,1.8,21.98,high,low,9,namecheap,,,23/09/2026 18:22
8e502d8c-cfcd-4c46-958a-488857b32e0e,sod.beauty,available,1.99,17.29,medium,low,3,namesilo,,,24/09/2026 11:02
0eb8be35-ffea-4a92-a266-34c6daf5e6ab,ames.beauty,available,1.99,17.29,high,low,4,namesilo,,,25/09/2026 12:32
c721e236-ea13-41e4-8c40-896f1bcf7104,hydrophobic.beauty,available,1.24,13.97,medium,low,11,spaceship,,,29/09/2026 08:39
7506c8ce-20e9-4082-badb-93a6d749a348,undefiled.beauty,available,1.8,21.98,medium,low,9,namecheap,,,12/09/2026 06:15
f010f839-a0d0-467b-9eb0-c9838ed1cc7d,intermedia.beauty,available,1.99,17.29,high,low,10,namesilo,,,01/10/2026 15:25
563074f2-43c8-4615-8ca7-009d278c6ea5,solitude.beauty,premium,2070.2,2070.2,high,low,8,spaceship,,,29/09/2026 07:54
96a0e551-315b-443c-b8e4-4e0ead5b4205,lunch.beauty,available,1.24,13.97,high,low,5,spaceship,,,29/09/2026 13:42
5aa4257d-78ac-4473-99bd-69a0521ae474,asp.beauty,available,1.99,17.29,high,low,3,namesilo,,,20/09/2026 14:30
bcbcd113-17ba-4ec9-9789-a4e6047e97d2,scored.beauty,available,1.99,17.29,medium,low,6,namesilo,,,27/09/2026 23:20
392ea50f-5ccc-4d81-906a-4199f8903402,blackheart.beauty,available,1.8,21.98,medium,low,10,namecheap,,,24/09/2026 02:49
24f8213b-a661-419d-be12-35bffdb19955,firedog.beauty,available,1.99,17.29,medium,low,7,namesilo,,,19/09/2026 04:06
f0e8667f-3492-4797-b608-34dee357b416,wilful.beauty,available,1.8,19.98,medium,low,6,namecheap,,,18/08/2026 16:39
eb192c84-6969-4c74-a65e-416fdb92390d,proustian.beauty,available,1.8,21.98,medium,low,9,namecheap,,,09/09/2026 04:22
8c88fd9d-553c-49be-a4b1-bdfc87a0009f,guangdong.beauty,available,1.24,13.97,medium,low,9,spaceship,,,28/09/2026 09:58
83b866f5-ad37-4ddb-a68f-17951a111d3e,berm.beauty,available,1.99,17.29,medium,low,4,namesilo,,,23/09/2026 09:41
3bf60694-4f15-47a1-a2a1-238bb9d7663e,proficient.beauty,available,1.99,17.29,high,low,10,namesilo,,,21/09/2026 17:23
d1df532f-5400-44f5-845d-b52f55dd737b,monistic.beauty,available,1.8,19.98,medium,low,8,namecheap,,,25/08/2026 04:51
ab87fab2-2232-43b7-85b0-feb7e2089161,springtime.beauty,available,1.99,,high,low,11,name.com,,,
b3d34eb3-7d74-4cce-a474-7f0c52617e12,composite.beauty,available,1.99,17.29,high,low,9,namesilo,,,23/09/2026 17:39
921c5420-3ed5-4238-82cd-912e41fffca9,unequaled.beauty,available,1.8,21.98,high,low,9,namecheap,,,12/09/2026 09:09
49154ed1-9d09-4abe-9a87-3a59cabb9bc3,lockbox.beauty,available,1.24,13.97,high,low,7,spaceship,,,29/09/2026 14:03
95f4a74e-179d-4b99-80d5-7fb2745353ee,jealousy.beauty,available,1.99,14.45,medium,low,8,dynadot,,,28/09/2026 09:57
a9452093-5b81-4672-99b1-f65bda79f082,regard.beauty,available,1.8,21.98,high,low,6,namecheap,,,08/09/2026 11:00
9b368997-31c0-4750-918f-427190b82386,vial.beauty,available,1.8,21.98,high,low,4,namecheap,,,18/09/2026 23:48
e1a1e4fd-533e-4a47-90ee-98da558b4b9b,artful.beauty,available,1.8,19.98,high,low,6,namecheap,,,06/08/2026 22:44
65559b67-ac80-4763-abfb-ebf038dd8114,curb.beauty,available,1.99,17.29,high,low,4,namesilo,,,18/09/2026 20:45
85d0fe20-1898-4953-a639-bb325d9bf28a,grace.beauty,premium,845,845,high,medium,5,namecheap,,,24/09/2026 21:11
1b8452eb-9076-42d5-bb7d-fb01aeb82acf,rail.beauty,available,1.8,21.98,high,low,4,namecheap,,,29/09/2026 20:10
bbc18f8a-b8d0-4980-a7d7-b4a9255afb19,pelican.beauty,available,1.99,17.29,high,medium,7,namesilo,,,30/09/2026 02:28
0eaadffe-d4da-4a7d-a00c-e5b8718b1abe,campanile.beauty,available,1.99,17.29,high,medium,9,namesilo,,,23/09/2026 04:55
205d208b-a10e-4fda-8481-d641f227a784,rushed.beauty,available,1.99,17.29,medium,low,6,namesilo,,,27/09/2026 17:29
17e516a1-dd4a-49c5-bf19-7d0517e47eca,shuha.beauty,available,1.8,21.98,medium,low,5,namecheap,,,10/09/2026 07:04
ca1e80d9-2f98-4f95-85ba-3a21ffb7bd23,burnish.beauty,available,1.8,21.98,high,low,7,namecheap,,,08/09/2026 23:02
a6394878-ae92-4c7c-b1ce-c1d2d79efd1e,skepticism.beauty,available,1.99,17.29,medium,low,10,namesilo,,,24/09/2026 22:29
3ca19696-50c7-4072-95b2-1516648be9a3,beira.beauty,available,1.99,17.29,medium,low,5,namesilo,,,23/09/2026 04:20
43545968-5f0c-48f0-b840-9b7d2bdbfed7,dogging.beauty,available,1.8,19.98,medium,low,7,namecheap,,,14/08/2026 15:03
ad1eba00-4285-4bd0-9cb0-85f44ae3dbe4,ieee.beauty,premium,2660,2660,high,medium,4,namesilo,,,25/09/2026 13:18
92a1657b-a4bd-497a-9719-ac11d7a1cee7,abutilon.beauty,available,1.8,21.98,medium,low,8,namecheap,,,16/09/2026 19:21
94edeeba-da3e-47e6-8922-b3e95d5ebbc3,illusional.beauty,available,1.8,19.98,medium,low,10,namecheap,,,21/08/2026 20:11
00ddd50b-7e34-47f0-a343-7734f08aa5d9,coast.beauty,premium,2070.2,2070.2,high,low,5,spaceship,,,29/09/2026 10:10
31092680-8706-43ba-966e-dae196fa631a,license.beauty,available,1.99,17.29,high,low,7,namesilo,,,25/09/2026 08:58
fd1e7b57-b11d-4e69-995c-fd9ffd076722,aeon.beauty,premium,2660,2660,high,high,4,namesilo,,,17/09/2026 12:39
080c1e52-55b4-4bbd-8a9f-a794cf1e8edb,formally.beauty,available,1.8,21.98,medium,low,8,namecheap,,,14/09/2026 19:42
32644c85-61f0-4b54-a3ff-5d59d6b2ecb7,incubation.beauty,available,1.8,19.98,high,low,10,namecheap,,,11/08/2026 06:10
e7fc6083-6248-4e46-b34a-083678015574,tuskegee.beauty,available,1.54,14.21,medium,low,8,porkbun,,,28/09/2026 15:29
950ec227-353b-4a51-baa8-1626cc5104ab,effortless.beauty,resell,,,high,low,10,"Spaceship, Inc.",13/04/2024 17:18,13/04/2027 23:59,26/09/2026 05:46
f909ab5c-e789-4cf3-ab11-01e2426f52cc,dicks.beauty,premium,2500,,medium,low,5,name.com,,,
f85207e9-0e20-4337-902c-edf0053ebb28,correlated.beauty,available,1.8,19.98,high,low,10,namecheap,,,13/08/2026 02:01
9dcc71e7-e251-472c-9a28-5d6b5e01bd9d,tropic.beauty,resell,,,high,low,6,Porkbun LLC,10/06/2022 12:35,10/06/2027 23:59,26/09/2026 09:46
223ff9e8-29fa-4710-827b-8df7a632979c,attosecond.beauty,available,1.99,17.29,medium,low,10,namesilo,,,21/09/2026 02:11
017c7c31-c9b2-4c59-bc6b-5f0bac17f871,seaborne.beauty,available,1.8,21.98,medium,low,8,namecheap,,,10/09/2026 00:34
c80cb05c-0e41-4a78-92e3-f3547b47f299,whip.beauty,available,1.24,13.97,high,low,4,spaceship,,,28/09/2026 11:01
992dcd81-f165-43e1-8fa1-7394da99cc77,fractional.beauty,available,1.8,19.98,high,low,10,namecheap,,,18/08/2026 13:52
7ff81ad4-5cc4-44dc-8b9e-b4aac74a9be8,therapy.beauty,premium,672.95,672.95,high,low,7,spaceship,,,01/10/2026 08:50
8ee4f0ff-bd49-473e-91ce-4e2685d8a62e,greenway.beauty,available,1.99,17.29,medium,low,8,namesilo,,,29/09/2026 10:16
c865d746-f7af-471c-bbee-00d47f118534,quaintly.beauty,available,1.8,21.98,high,low,8,namecheap,,,15/09/2026 22:07
77beb9d8-9ba4-4a1e-854e-6ba825d194c5,algebras.beauty,available,1.24,13.97,low,low,8,spaceship,,,28/09/2026 13:28
2b940a63-46a7-4ef4-88af-495871daa983,specialized.beauty,available,1.99,17.29,high,low,11,namesilo,,,01/10/2026 09:42
ac97eef8-c744-45b9-a071-ebf70362d30e,oaxaca.beauty,available,1.24,13.97,high,low,6,spaceship,,,28/09/2026 06:30
738333d4-e299-4748-8639-e1a743fedbe6,radiopaque.beauty,available,1.8,21.98,high,low,10,namecheap,,,09/09/2026 09:41
54e1fc2f-0c7e-499c-bde1-f783b0dc6ae7,tummy.beauty,available,1.8,21.98,high,low,5,namecheap,,,22/09/2026 17:49
996c7777-197a-463a-be18-a230aebca45e,loquacious.beauty,available,1.8,19.98,medium,low,10,namecheap,,,12/08/2026 03:22
cfec1c19-89c5-4815-baf2-3729f7f1bd7e,rhythmical.beauty,available,1.8,21.98,high,low,10,namecheap,,,09/09/2026 17:05
819b231a-1faf-4499-b528-a84132a47861,vauxhall.beauty,available,1.99,17.29,high,medium,8,namesilo,,,30/09/2026 12:10
39f42fab-8bdf-483f-acad-a0ed07652d87,ees.beauty,available,1.24,13.97,medium,low,3,spaceship,,,02/10/2026 02:49
ad48128a-dedb-4db8-bfc1-9b4f8b271917,stevie.beauty,available,1.99,17.29,high,low,6,namesilo,,,28/09/2026 07:58
4b39a754-3d82-46ca-9100-00fa8cc94de5,nonsocial.beauty,available,1.8,21.98,medium,low,9,namecheap,,,03/09/2026 19:18
bec45921-cebb-486b-84eb-65f6e8a36d27,transformer.beauty,available,1.24,13.97,high,low,11,spaceship,,,01/10/2026 05:03
7a4e62ad-7767-4e05-9a17-f82d8126b473,believable.beauty,available,1.8,19.98,medium,low,10,namecheap,,,09/08/2026 13:01
157a6e26-ecda-4c2b-9960-ff1d227e6af1,newberry.beauty,available,1.24,13.97,medium,low,8,spaceship,,,28/09/2026 21:39
080d7500-a131-4c51-a481-2c8de35e9f40,boundless.beauty,resell,,,high,medium,9,Dynadot Inc,26/08/2026 10:19,26/08/2027 23:59,26/09/2026 04:34
c68d11c9-fcda-4dfd-8815-52cf19f01277,fertile.beauty,resell,,,high,low,7,"GoDaddy.com, LLC",11/04/2021 11:48,11/04/2027 23:59,26/09/2026 06:03
05a549a3-fbef-4291-830a-03a360b16905,rekt.beauty,available,1.65,15.75,low,low,4,namesilo,,,
24f4cc99-e4ab-48c0-bbcd-3a3f720354ca,intercultural.beauty,available,1.24,13.97,high,low,13,spaceship,,,01/10/2026 23:06
c8ea7152-97d0-4bdb-b73d-aead4ddb1412,internet.beauty,premium,2660,2660,high,medium,8,namesilo,,,30/09/2026 07:45
d8d09d3e-ffa8-4591-8f3e-fccd0e4e5ee1,regretful.beauty,available,1.8,21.98,high,medium,9,namecheap,,,09/09/2026 13:00
570e77f7-bb80-4eeb-b1ec-9ed4ff3c67be,saleswoman.beauty,available,1.24,13.97,medium,low,10,spaceship,,,30/09/2026 02:34
c46125cd-794b-4221-8ea1-c08399cb67de,breastfeed.beauty,available,1.65,15.75,high,low,11,namesilo,,,
4f35838a-0884-4ee4-905a-f7d4e57ab188,apodictic.beauty,available,1.8,19.98,medium,low,9,namecheap,,,06/08/2026 01:27
5ca2ceff-0afe-406b-8aba-5881d4a54dca,knighthood.beauty,available,1.24,13.97,high,low,10,spaceship,,,02/10/2026 05:33
4ab41bbc-fd23-45ef-bd9d-ff552a0798bb,gangs.beauty,available,1.99,17.29,low,low,5,namesilo,,,28/09/2026 13:19
7fdff84d-17ae-4b80-b956-3dc0de8c22b6,deputies.beauty,available,1.24,13.97,low,low,8,spaceship,,,29/09/2026 05:37
1cc4bd56-3d8f-4439-87c1-412b9510a1e2,patron.beauty,premium,2600,2600,high,low,6,namecheap,,,28/09/2026 14:14
318b7007-bed5-47ab-b02f-4f8839ccb62d,provable.beauty,available,1.8,21.98,high,low,8,namecheap,,,09/09/2026 04:24
9b4500bb-7a72-4735-899b-21dfe183b5bd,jocose.beauty,available,1.8,19.98,medium,low,6,namecheap,,,22/08/2026 12:54
56a336ae-4767-4595-a8b8-58fe55b7227d,exceptions.beauty,available,1.99,14.45,low,low,10,dynadot,,,28/09/2026 23:04
8663418e-8066-4c2c-80bb-381ecd7080b2,buick.beauty,premium,2070.2,2070.2,high,low,5,spaceship,,,30/09/2026 12:46
83076dee-938a-4bd5-a3db-9aa0dc8a7941,saprozoic.beauty,available,1.8,21.98,high,medium,9,namecheap,,,09/09/2026 21:25
7506a702-cc58-4620-a2ca-fd8923d08a88,cornelia.beauty,available,1.99,17.29,medium,low,8,namesilo,,,28/09/2026 07:53
e23c50c6-f739-4eca-af9f-0ff553f23438,peerage.beauty,available,1.99,17.29,high,low,7,namesilo,,,22/09/2026 07:17
4f62b9ea-25d1-47bd-821f-fcb55ac52359,charts.beauty,resell,1.65,15.75,high,low,6,"Spaceship, Inc.",28/07/2026 18:35,28/07/2027 23:59,26/09/2026 04:52
bba1174d-e587-4ba4-a5d7-70117477ca8e,windmill.beauty,available,1.99,17.29,high,low,9,namesilo,,,17/09/2026 13:01
d0111bb6-7914-4869-97ad-a16be747f892,coffin.beauty,available,1.24,13.97,medium,low,6,spaceship,,,29/09/2026 07:35
108c78dd-0e41-4f82-8a02-9c0fb28ecb21,worst.beauty,available,1.99,17.29,medium,low,5,namesilo,,,28/09/2026 10:59
eb47aca4-8d35-40cd-9220-7b46b1eadcaa,monsoon.beauty,premium,2183.84,2183.84,high,low,7,porkbun,,,30/09/2026 18:04
d5ccfefc-1d61-4ac0-8285-3dd951093d4e,darned.beauty,available,1.8,19.98,medium,low,6,namecheap,,,10/08/2026 12:41
190898ea-a2c3-4236-9179-33c5bf24ce30,boleyn.beauty,available,1.99,17.29,medium,low,6,namesilo,,,19/09/2026 10:12
619567ef-543a-4287-8aa6-f566ea4b751c,transfusion.beauty,available,1.99,14.45,high,low,11,dynadot,,,30/09/2026 06:34
3d6dc923-245d-4d74-9f62-c0fd4b52297f,halal.beauty,resell,,,high,low,5,Dynadot Inc,04/08/2026 00:12,04/08/2027 23:59,26/09/2026 06:33
059bd78d-35e0-4886-ab58-308c4353a2f7,sixthly.beauty,available,1.8,21.98,medium,low,7,namecheap,,,16/09/2026 02:03
14d5969b-fdd6-41ab-a920-6641f130baac,unrivaled.beauty,available,1.8,19.98,high,low,9,namecheap,,,24/08/2026 17:06
cb381b8b-e0dd-44e9-99e1-8206ff0afdad,tagore.beauty,available,1.24,13.97,medium,low,6,spaceship,,,30/09/2026 02:38
7425759e-f700-4e6d-84f3-de87e816aed5,detectives.beauty,available,1.24,13.97,medium,low,10,spaceship,,,28/09/2026 05:09
b6104111-a159-4713-8434-bf95d7a6c117,bulge.beauty,available,1.8,21.98,high,low,5,namecheap,,,08/09/2026 23:47
0df4ae42-ce94-41fc-acb9-92fed69f49d4,lieu.beauty,available,1.54,14.21,high,low,4,porkbun,,,02/10/2026 05:37
fda6bbc0-08f0-4f1e-b2a6-b8a108f65b9a,spear.beauty,available,1.99,17.29,medium,low,5,namesilo,,,28/09/2026 09:46
061eb677-e3c5-4eed-88ec-f08cfe7fc509,monastic.beauty,available,1.8,19.98,medium,low,8,namecheap,,,12/08/2026 11:57
2207af1d-402e-4e9c-bf28-2ab19cb59e38,dural.beauty,available,1.8,19.98,medium,low,5,namecheap,,,14/08/2026 21:30
c96e7f73-7567-4e2c-82de-3c498573a12f,kirkpatrick.beauty,available,1.99,17.29,medium,low,11,namesilo,,,28/09/2026 12:22
8054aefc-7cdf-42f3-aef0-677ed57ab09a,quavering.beauty,available,1.8,21.98,medium,low,9,namecheap,,,09/09/2026 07:44
820eaec0-9dcc-471b-a0e6-77fda577fb1a,digitate.beauty,available,1.8,19.98,medium,low,8,namecheap,,,14/08/2026 07:19
de82d96f-cdb7-4ae7-ad4a-48743b8bbb7b,displaying.beauty,available,1.99,17.29,medium,low,10,namesilo,,,01/10/2026 16:09
5403b2a8-b557-4df6-b3c0-cf4c666b5bf7,viking.beauty,premium,2660,2660,high,high,6,namesilo,,,28/09/2026 20:43
fcd19aec-9e0d-4233-bbda-7026824b4453,relentless.beauty,available,1.8,19.98,high,low,10,namecheap,,,20/08/2026 20:05
b6ab2215-2aa8-400f-b9c6-dbe9d98d3615,fars.beauty,available,1.8,21.98,medium,low,4,namecheap,,,30/09/2026 13:45
176a16da-c520-4d70-af30-ee8dc382dc14,forties.beauty,available,1.99,17.29,medium,low,7,namesilo,,,16/09/2026 12:06
0b0244f2-9b45-44f6-a7b9-2f737bbaa2c2,toynbee.beauty,available,1.99,17.29,high,low,7,namesilo,,,20/09/2026 08:19
bd5496f4-88b9-4ca2-9d66-17547c75456f,catch.beauty,premium,2070.2,2070.2,high,low,5,spaceship,,,28/09/2026 22:15
db7989ff-73d3-4666-b922-4444fb43ed8f,brutally.beauty,available,1.8,21.98,medium,low,8,namecheap,,,14/09/2026 01:41
e047898b-27e1-4373-b1fc-c5bbb78c2eb6,nonplussed.beauty,available,1.8,19.98,medium,low,10,namecheap,,,07/08/2026 10:48
2fc6e4dc-c2b8-4b71-ae14-c75ef65f51af,cockney.beauty,available,1.8,19.98,medium,low,7,namecheap,,,12/08/2026 14:58
1d0fb431-694c-4d78-8c45-e1b3613c684e,albescent.beauty,available,1.65,15.75,medium,low,9,namesilo,,,
4c5c8d8d-ed70-45be-af78-3053e0c4de9b,feverish.beauty,available,1.8,19.98,medium,low,8,namecheap,,,18/08/2026 00:29
48295dc0-3c31-42ce-a541-4ccd06275bc2,baccharis.beauty,available,1.99,17.29,medium,low,9,namesilo,,,21/09/2026 14:00
adb9e0e3-2fb0-409b-a7c0-745b97d410d7,zack.beauty,available,1.24,13.97,high,low,4,spaceship,,,27/09/2026 18:11
9c5c40c0-6ca1-4289-85d9-28f1cdb38da7,rms.beauty,premium,2070.2,2070.2,high,low,3,spaceship,,,28/09/2026 04:52
8a8f2935-a7e7-498a-b4d7-059f351f80ae,aromatic.beauty,available,1.99,17.29,high,low,8,namesilo,,,22/09/2026 08:02
15cf76fc-c7bb-4930-8150-a56b4aae7b66,aliform.beauty,available,1.65,15.75,medium,low,7,namesilo,,,
7cea9b06-073c-42d7-b725-673fe60589ff,americium.beauty,available,1.8,21.98,medium,low,9,namecheap,,,18/09/2026 15:35
934a5d25-1428-4a0c-a2a8-a2b48256a5ec,marlborough.beauty,available,1.99,17.29,medium,low,11,namesilo,,,27/09/2026 01:35
95208f0e-de46-4c24-921a-7a9cc1b4ce42,reliever.beauty,available,1.8,21.98,high,low,8,namecheap,,,18/09/2026 10:02
50a9c6d8-5bb6-451b-a1f5-3a48a4b64435,historical.beauty,available,1.99,17.29,high,low,10,namesilo,,,24/09/2026 10:25
f52373d4-fcaf-4a6a-a25e-278a6e98b04a,shortness.beauty,available,1.99,17.29,medium,low,9,namesilo,,,16/09/2026 17:27
3c63c291-9e43-46e3-98fe-42f908cbe738,mechanized.beauty,available,1.99,17.29,medium,low,10,namesilo,,,19/09/2026 16:26
d7a96d9a-c187-40de-89b5-70b5658ae27e,bordered.beauty,available,1.99,17.29,medium,low,8,namesilo,,,22/09/2026 23:55
9e970777-080f-4f95-9bd2-4c780008f35b,claudius.beauty,available,1.24,13.97,medium,low,8,spaceship,,,01/10/2026 18:58
67f0811b-cd1a-45b1-b32e-f63c5d3ed6ea,traitor.beauty,available,1.99,17.29,high,low,7,namesilo,,,27/09/2026 13:08
64e84a57-0e5d-44f0-85a9-5fc9d8197f7a,sternal.beauty,available,1.8,21.98,medium,low,7,namecheap,,,10/09/2026 20:18
ec68bdab-6016-4f75-a1a6-f547a4ce7f10,nauseating.beauty,available,1.8,19.98,medium,low,10,namecheap,,,24/08/2026 08:23
839ca12f-2b69-46ec-b886-2b3f9f3cff5a,statistical.beauty,available,1.8,21.98,high,low,11,namecheap,,,29/09/2026 14:29
31fb1f9d-dc64-4af4-ba62-ee62d00f6154,sidearm.beauty,available,1.8,21.98,high,medium,7,namecheap,,,10/09/2026 07:44
9af2e888-f1f5-4ed6-98cf-6f5109bb1cb8,aip.beauty,resell,,,high,low,3,,,,01/10/2026 07:20
23223895-42fa-4a86-96e5-df15fbbc1e28,chinquapin.beauty,available,1.99,17.29,medium,low,10,namesilo,,,18/09/2026 10:57
756fdfdf-8507-4040-ac55-fb26587df954,screwing.beauty,available,1.8,19.98,medium,low,8,namecheap,,,18/08/2026 17:28
c7aec416-fd88-4d01-b950-dd09e1cb68e3,negligent.beauty,available,1.8,21.98,medium,low,9,namecheap,,,03/09/2026 15:07
0f82965b-a891-407a-8e77-2ac9dc257edf,qtips.beauty,available,1.8,21.98,medium,low,6,namecheap,,,17/09/2026 10:12
68bb1e65-394d-4c19-a785-88b924858e35,allsorts.beauty,available,1.99,17.29,low,low,9,namesilo,,,16/09/2026 05:53
63ee2c10-5499-46fb-a88e-5471e806a26a,uncultured.beauty,available,1.8,21.98,medium,low,10,namecheap,,,12/09/2026 06:38
c2394da3-ed6b-421a-810d-025269843100,pretending.beauty,available,1.99,17.29,high,low,10,namesilo,,,30/09/2026 07:14
29054e09-d06a-4fcb-82ea-21fe99ffc610,baiting.beauty,available,1.8,21.98,medium,low,7,namecheap,,,21/09/2026 19:58
c66d1622-9cc5-432a-aa0c-7882accb7898,grapevine.beauty,available,1.99,14.45,high,low,9,dynadot,,,02/10/2026 05:05
1ee1e1e5-0b44-47bf-8975-5b36cd7c5b87,gimp.beauty,available,1.8,19.98,medium,low,4,namecheap,,,23/08/2026 13:28
9d59e7c9-8c5e-434b-b734-4c6ef27277d2,anointing.beauty,available,1.99,17.29,medium,low,9,namesilo,,,19/09/2026 11:19
00b832d9-fb4c-47a7-bf65-b20e89e05e2e,altered.beauty,available,1.65,15.75,high,low,7,namesilo,,,
c1e835dc-9a99-431c-b70b-d8d9918683cd,races.beauty,available,1.99,17.29,medium,low,5,namesilo,,,19/09/2026 00:33
f1d09b05-5848-4a01-a0f4-267b98eeda1a,wikipedia.beauty,premium,2660,2660,high,high,9,namesilo,,,29/09/2026 14:57
c45b004d-cf79-4ddc-9bb2-231da95ec7ff,allowing.beauty,available,1.99,17.29,medium,low,8,namesilo,,,28/09/2026 08:42
e2452e3c-e16e-44e4-b46e-ec7811537256,influences.beauty,available,1.24,13.97,medium,low,10,spaceship,,,30/09/2026 07:02
9e73f813-2a3a-4922-913a-88cb1eb9b41b,eolic.beauty,available,1.99,17.29,low,low,5,namesilo,,,17/09/2026 12:36
acfb6d39-e787-46ee-a28a-ebf9fc53ba7a,bloch.beauty,available,1.99,17.29,medium,low,5,namesilo,,,28/09/2026 00:50
55807b78-12a4-41f2-845d-e8f1314df59c,stupendous.beauty,available,1.8,19.98,high,low,10,namecheap,,,12/08/2026 18:00
d53c93af-783f-42cf-81cb-a0ff0ee21f97,ignitable.beauty,available,1.8,19.98,medium,low,9,namecheap,,,11/08/2026 10:46
e2de8820-f1b6-4f1a-9674-529ac5c59a9e,essex.beauty,available,1.99,17.29,high,low,5,namesilo,,,25/09/2026 05:41
8bf61033-04de-4bb3-84dc-283c3b87ca16,inlaid.beauty,available,1.8,19.98,medium,low,6,namecheap,,,22/08/2026 05:47
b8827e7c-996d-4e39-a898-da70d322d518,bitch.beauty,available,1.99,17.29,high,low,5,namesilo,,,23/09/2026 00:22
2cfab3c8-5c70-4649-a06b-989401567b28,ibidem.beauty,available,1.8,21.98,medium,low,6,namecheap,,,15/09/2026 01:34
59b93757-95bb-4c1c-acba-79543168d2f8,practising.beauty,available,1.99,17.29,high,low,10,namesilo,,,30/09/2026 04:09
4a1e1b29-8ddb-4565-a579-fcd60597d1af,aci.beauty,available,1.99,17.29,high,low,3,namesilo,,,01/10/2026 16:49
5be17055-0f28-4d11-b718-adde553538ed,herbicide.beauty,available,1.99,17.29,medium,low,9,namesilo,,,30/09/2026 17:35
20288290-7b53-46ce-8eee-560a7c9134ab,rite.beauty,available,1.8,21.98,high,low,4,namecheap,,,09/09/2026 18:03
cba7f5e8-b9ed-4c33-bd35-1a98d4d1db0d,contracted.beauty,available,1.8,21.98,medium,low,10,namecheap,,,23/09/2026 22:26
8090ab39-4043-4c9d-add3-d765a202206b,impossibility.beauty,available,1.99,14.45,medium,low,13,dynadot,,,30/09/2026 23:16
9f705d8c-6cbb-40aa-b28f-3fb32af59dfd,fleetwood.beauty,available,1.99,17.29,medium,low,9,namesilo,,,28/09/2026 16:46
8b570924-e193-440d-afc9-ee9f06a3f937,tramontana.beauty,available,1.8,21.98,medium,low,10,namecheap,,,11/09/2026 18:50
b732a427-a360-4d92-b897-f7a5fcc91e04,zag.beauty,available,1.8,21.98,high,low,3,namecheap,,,13/09/2026 15:17
47cd14ac-3441-46c2-83f2-dd6b3f118020,slip.beauty,premium,2660,2660,high,low,4,namesilo,,,27/09/2026 22:41
ba1aead2-b572-471a-b8f4-c508eec5bc05,enormous.beauty,available,1.8,19.98,high,low,8,namecheap,,,17/08/2026 09:42
a643a808-93cc-4b6e-aa2d-e58a85baef80,auxesis.beauty,available,1.99,17.29,medium,low,7,namesilo,,,21/09/2026 08:33
83add077-1b64-4c4e-ae7c-722675294031,philly.beauty,available,1.65,15.75,high,low,6,namesilo,,,
d1b2be30-5ccf-44da-a355-7feb284df6c2,means.beauty,available,1.99,17.29,high,low,5,namesilo,,,30/09/2026 04:10
a961f8a3-b0c6-4990-9aa5-b485fa039b18,additions.beauty,available,1.99,17.29,medium,low,9,namesilo,,,18/09/2026 16:32
3f53789b-833a-4912-b2e8-3a6a08031010,sucked.beauty,available,1.99,17.29,medium,low,6,namesilo,,,18/09/2026 04:29
af39641a-1f42-4d32-a349-9ee545ab1037,wastebin.beauty,available,1.99,17.29,medium,low,8,namesilo,,,20/09/2026 13:38
c8545e84-e1da-4c7b-b5d8-9ead02759a14,tortured.beauty,available,1.65,15.75,medium,low,8,namesilo,,,
812161c9-7132-4ce2-98de-126bd4ad14de,revokable.beauty,available,1.8,21.98,medium,low,9,namecheap,,,09/09/2026 16:23
71fdd4eb-f809-483b-97ef-4c6520f8e4b4,depressing.beauty,available,1.8,19.98,medium,low,10,namecheap,,,12/08/2026 03:50
290b40bf-673e-4ec5-816e-b210eb05cacc,evaluate.beauty,available,1.54,14.21,high,low,8,porkbun,,,30/09/2026 15:15
b9f5faf8-54ba-48cd-867c-7e7796e28ff3,gutenberg.beauty,available,1.24,13.97,high,low,9,spaceship,,,01/10/2026 02:22
0da7d49f-0943-4f88-95ee-6b8a858dd7d3,astern.beauty,available,1.65,15.75,medium,low,6,namesilo,,,
14119857-3d8a-4405-af98-beaf981803b5,faced.beauty,available,1.8,19.98,high,low,5,namecheap,,,17/08/2026 20:20
73e72c0b-878f-43c7-abb6-96cd86a6f1d6,brie.beauty,available,1.99,14.45,medium,low,4,dynadot,,,29/09/2026 04:09
a26b03c7-2d2b-4c62-bcc6-688744844443,daft.beauty,available,1.8,19.98,high,low,4,namecheap,,,06/08/2026 20:50
b305153b-6971-4a01-9f0e-0421c1f54d20,cucumbers.beauty,available,1.99,17.29,medium,low,9,namesilo,,,20/09/2026 10:05
b8c3899e-c89c-4282-87e5-a4a09ad344d7,jiang.beauty,premium,832,832,high,low,5,namesilo,,,27/09/2026 08:14
8af52049-9347-4610-9d3d-0b33eb468052,teased.beauty,available,1.8,21.98,medium,low,6,namecheap,,,11/09/2026 09:55
351b1399-07ad-4c7b-ac8d-7843725a2b9d,cleric.beauty,available,1.8,19.98,high,low,6,namecheap,,,14/08/2026 23:27
2ed316cf-bf23-44d4-baa6-31b1455acfde,backhand.beauty,available,1.8,19.98,high,low,8,namecheap,,,08/08/2026 05:43
bc22895b-1058-44b8-8da1-1be646ac8936,sewall.beauty,available,1.99,17.29,medium,low,6,namesilo,,,01/10/2026 11:58
5932252b-323f-416d-81b5-73bc5625852e,workplace.beauty,available,1.24,13.97,high,low,9,spaceship,,,29/09/2026 02:38
92067b01-0014-430f-98cc-9fc19651025f,payment.beauty,available,1.99,17.29,high,medium,7,namesilo,,,30/09/2026 15:12
0827022f-21a1-4347-a03f-440f505fb41d,overfull.beauty,available,1.8,19.98,medium,low,8,namecheap,,,20/08/2026 15:31
c747af44-11d6-4315-82b4-b30ca14077f0,hepatic.beauty,available,1.8,19.98,medium,low,7,namecheap,,,21/08/2026 06:47
263153f1-dd86-4e34-99d9-5acbfe390f47,spurting.beauty,available,1.8,19.98,medium,low,8,namecheap,,,22/08/2026 13:13
771c92e7-a867-48a8-9fce-95b02bf2f29e,guinean.beauty,available,1.8,19.98,medium,low,7,namecheap,,,20/08/2026 20:52
22b3d3bd-ea7e-4229-a0bd-e06345e0d9a5,offside.beauty,available,1.8,21.98,medium,low,7,namecheap,,,04/09/2026 01:39
4a95287b-d75e-4e3b-ae21-ae92ec733e8a,archdeacon.beauty,available,1.8,21.98,medium,low,10,namecheap,,,20/09/2026 01:53
b49e9770-f35f-4339-a343-3cb84f38e159,beet.beauty,available,1.99,17.29,high,low,4,namesilo,,,23/09/2026 01:49
8a7b8d3f-cae2-45e8-b6e5-9a246e8e3667,greenish.beauty,available,1.99,20.99,medium,low,8,name.com,,,13/08/2026 18:01
e1ad9c07-185c-4e4d-ad69-1234e4afcd77,goodenough.beauty,available,1.65,15.75,high,low,11,namesilo,,,
91a0d335-a343-4c96-90f7-757eeae05805,oblique.beauty,available,1.8,19.98,high,low,7,namecheap,,,14/08/2026 05:11